,规价矫埃,NEW惑前内靛
0,0,30
1,0,865
2,0,256
3,0,489
4,0,402
5,0,476
6,0,1099
7,0,530
8,0,402
9,0,140
10,0,533
11,0,753
12,0,280
13,0,140
14,0,402
15,0,713
16,0,530
17,0,830
18,0,533
19,0,753
20,0,753
21,0,635
22,0,717
23,0,140
24,0,256
25,0,767
26,0,642
27,0,718
28,0,140
29,0,402
30,0,162
31,0,718
32,0,830
33,0,1106
34,0,767
35,0,750
36,0,717
37,0,92
38,0,752
39,0,830
40,0,257
41,0,402
42,0,830
43,0,766
44,0,1106
45,0,5
46,0,1046
47,0,830
48,0,280
49,0,257
50,0,46
51,0,285
52,0,917
53,0,811
54,0,257
55,0,256
56,0,282
57,0,948
58,0,341
59,0,26
60,0,1042
61,0,923
62,0,280
63,0,917
64,0,913
65,0,1220
68,0,830
69,0,1038
70,0,459
71,0,1036
72,0,424
74,0,44
75,0,1080
76,0,1036
77,0,50
78,0,873
79,0,459
81,0,424
82,0,874
83,0,1113
84,0,1279
85,0,494
86,0,874
88,0,443
89,0,532
90,0,1125
91,0,730
92,0,532
93,0,458
95,0,828
96,0,341
98,0,828
99,0,1187
100,0,1109
102,0,458
103,0,1187
104,0,1109
105,0,350
107,0,459
109,0,1113
110,0,341
112,0,1088
113,0,1022
114,0,45
116,0,1022
117,0,1022
118,0,45
119,0,869
120,0,1133
121,0,575
123,0,734
124,0,1113
125,0,1090
126,0,459
127,0,1279
128,0,869
130,0,1138
131,0,992
132,0,1123
133,0,935
134,0,734
135,0,7
138,0,239
139,0,1177
140,0,153
142,0,639
143,0,858
145,0,1178
146,0,1086
147,0,1173
148,0,1090
149,0,96
152,0,990
153,0,926
154,0,90
155,0,963
156,0,828
157,0,413
158,0,309
159,0,548
160,0,683
161,0,1177
162,0,96
163,0,1090
164,0,639
165,0,1024
167,0,1090
168,0,50
169,0,89
170,0,725
171,0,1170
172,0,548
173,0,926
174,0,1236
175,0,963
176,0,10
177,0,411
178,0,309
180,0,829
181,0,926
182,0,120
183,0,413
184,0,733
186,0,516
187,0,553
188,0,96
189,0,3
190,0,829
191,0,146
193,0,926
194,0,1140
195,0,313
196,0,225
197,0,735
198,0,106
199,0,749
200,0,225
201,0,924
202,0,65
203,0,516
204,0,649
205,0,733
207,0,3
208,0,598
209,0,286
210,0,450
211,0,65
212,0,1191
214,0,353
215,0,165
216,0,779
217,0,649
219,0,9
220,0,1133
221,0,459
222,0,92
223,0,514
225,0,639
228,0,161
229,0,575
230,0,1157
232,0,1351
235,0,610
236,0,505
237,0,1027
239,0,163
240,0,115
241,0,0
242,0,102
243,0,629
244,0,178
245,0,143
249,0,856
250,0,693
251,0,90
253,0,399
255,0,539
256,0,255
257,0,181
258,0,575
259,0,3
260,0,290
261,0,1082
262,0,1183
263,0,3
264,0,619
265,0,0
266,0,908
267,0,608
272,0,878
273,0,347
274,0,255
275,0,1290
276,0,1184
277,0,42
278,0,945
279,0,904
281,0,1028
284,0,290
285,0,608
286,0,255
287,0,408
288,0,832
291,0,888
292,0,296
294,0,1093
298,0,155
299,0,136
301,0,608
304,0,1044
305,0,347
306,0,287
307,0,67
308,0,435
309,0,458
312,0,603
313,0,1044
315,0,608
317,0,118
321,0,744
323,0,435
326,0,141
327,0,608
333,0,459
335,0,403
336,0,1046
337,0,409
339,0,458
340,0,351
347,0,1253
349,0,651
350,0,737
354,0,1290
355,0,157
356,0,1039
358,0,1223
361,0,65
362,0,652
364,1,140
365,1,928
366,1,322
367,1,4
368,1,1348
369,1,84
370,1,928
371,1,4
372,1,140
373,1,255
374,1,30
375,1,5
376,1,1326
377,1,530
378,1,862
379,1,462
380,1,5
381,1,718
382,1,46
383,1,489
384,1,462
385,1,530
386,1,46
387,1,5
388,1,92
389,1,30
390,1,611
391,1,5
392,1,530
393,1,46
394,1,5
395,1,4
396,1,717
397,1,137
398,1,530
399,1,611
400,1,46
401,1,947
402,1,137
403,1,766
404,1,5
405,1,766
406,1,1106
407,1,81
408,1,766
409,1,611
410,1,923
411,1,5
412,1,5
413,1,923
414,1,659
415,1,462
416,1,915
417,1,718
418,1,766
419,1,915
420,1,718
421,1,137
422,1,1106
423,1,766
424,1,1220
425,1,257
426,1,385
427,1,919
428,1,718
429,1,611
430,1,26
432,1,873
433,1,27
434,1,1033
435,1,653
436,1,140
437,1,1292
439,1,926
440,1,742
441,1,1083
442,1,282
443,1,4
444,1,875
446,1,1075
447,1,20
448,1,806
449,1,1221
450,1,1
451,1,1222
452,1,404
453,1,308
454,1,458
455,1,1
456,1,1221
457,1,919
458,1,642
460,1,459
461,1,109
462,1,459
463,1,104
464,1,1222
465,1,1221
466,1,806
467,1,1123
468,1,1222
469,1,1
470,1,852
471,1,635
472,1,913
474,1,1109
475,1,1113
476,1,1002
477,1,852
478,1,869
479,1,515
480,1,1290
481,1,1024
482,1,1022
483,1,483
484,1,329
485,1,1321
486,1,645
488,1,936
490,1,359
491,1,1022
492,1,1234
493,1,641
495,1,575
496,1,1168
497,1,863
498,1,828
500,1,935
502,1,734
503,1,279
504,1,641
505,1,815
506,1,513
507,1,1170
508,1,144
509,1,1024
510,1,90
511,1,733
512,1,490
513,1,926
514,1,240
516,1,992
517,1,1090
518,1,806
519,1,459
520,1,776
521,1,858
522,1,96
523,1,1086
524,1,775
525,1,1236
526,1,78
527,1,120
528,1,1177
529,1,1026
531,1,1024
532,1,120
533,1,1236
534,1,295
535,1,857
536,1,413
537,1,516
538,1,96
539,1,1289
540,1,1147
541,1,803
542,1,872
543,1,96
544,1,405
545,1,1024
546,1,1170
547,1,926
548,1,3
549,1,1335
551,1,220
552,1,640
553,1,1236
554,1,1023
555,1,676
556,1,96
557,1,459
558,1,516
559,1,3
560,1,1084
561,1,1170
562,1,41
563,1,459
564,1,3
565,1,553
566,1,943
567,1,1055
568,1,900
569,1,1084
570,1,721
571,1,522
572,1,96
573,1,1284
574,1,417
575,1,1021
576,1,490
577,1,1071
578,1,92
579,1,2
580,1,779
581,1,206
582,1,329
583,1,165
584,1,1259
585,1,115
586,1,165
587,1,490
588,1,141
589,1,459
590,1,513
591,1,1086
592,1,450
593,1,1151
594,1,684
595,1,490
596,1,619
597,1,809
598,1,912
600,1,610
601,1,143
602,1,147
603,1,295
604,1,610
605,1,92
607,1,906
608,1,1236
609,1,1225
610,1,538
611,1,120
612,1,3
613,1,361
614,1,143
615,1,255
616,1,163
617,1,401
618,1,324
619,1,619
621,1,91
622,1,91
623,1,363
624,1,1047
625,1,1223
626,1,1225
627,1,163
628,1,932
629,1,1351
630,1,149
631,1,255
632,1,575
633,1,324
635,1,401
636,1,290
637,1,608
638,1,807
639,1,91
640,1,609
641,1,1282
642,1,1038
643,1,255
644,1,0
645,1,412
647,1,64
649,1,161
650,1,1082
651,1,136
652,1,1236
653,1,3
654,1,1290
656,1,1223
657,1,608
658,1,732
659,1,118
660,1,505
661,1,1290
662,1,141
664,1,403
665,1,1355
666,1,711
667,1,272
668,1,97
669,1,543
670,1,537
671,1,3
672,1,375
673,1,325
674,1,724
675,1,1290
676,1,1045
677,1,470
678,1,543
679,1,683
680,1,463
682,1,284
683,1,1290
684,1,479
685,1,638
686,1,1350
687,1,287
688,1,773
689,1,543
690,1,1288
691,1,856
693,1,1350
694,1,576
695,1,1342
696,1,1290
697,1,628
699,1,773
700,1,651
701,1,124
702,1,524
703,1,773
704,1,624
705,1,287
706,1,128
707,1,1028
708,1,543
709,1,1350
710,1,1076
711,1,1101
712,1,1058
713,1,1046
714,1,1077
715,1,1253
716,1,1028
717,1,914
718,1,974
719,1,781
720,1,651
721,1,1074
722,1,1276
723,1,1258
724,1,1290
725,1,543
726,1,780
727,1,174
731,6,865
732,6,322
733,6,597
734,6,1328
735,6,481
736,6,742
737,6,139
738,6,481
739,6,378
740,6,269
741,6,573
742,6,390
743,6,861
744,6,1254
745,6,1328
746,6,813
747,6,121
748,6,283
749,6,269
750,6,1037
751,6,741
752,6,386
753,6,1328
754,6,836
755,6,816
756,6,81
757,6,59
758,6,836
759,6,644
760,6,813
761,6,1263
762,6,601
763,6,255
764,6,607
765,6,1328
766,6,836
767,6,1347
768,6,845
769,6,899
770,6,378
771,6,72
772,6,1347
773,6,72
774,6,518
775,6,607
776,6,59
777,6,217
778,6,269
779,6,40
780,6,391
781,6,845
782,6,607
783,6,780
784,6,899
785,6,269
786,6,1263
787,6,386
788,6,1328
789,6,40
790,6,461
791,6,377
792,6,899
793,6,743
794,6,975
795,6,1263
796,6,1281
797,6,780
798,6,81
799,6,323
800,6,1347
801,6,40
802,6,602
803,6,1263
804,6,548
805,6,461
806,6,545
807,6,159
808,6,40
809,6,636
810,6,81
811,6,542
812,6,806
813,6,1263
814,6,159
815,6,542
816,6,973
817,6,741
818,6,255
819,6,461
820,6,255
821,6,1263
822,6,604
823,6,418
824,6,604
825,6,764
826,6,1248
827,6,461
828,6,255
829,6,741
830,6,273
831,6,973
832,6,884
833,6,1267
834,6,255
835,6,497
836,6,158
837,6,1263
838,6,501
839,6,1022
840,6,1320
841,6,1157
842,6,810
843,6,232
844,6,8
845,6,1167
846,6,394
847,6,8
848,6,109
849,6,8
850,6,1320
851,6,273
852,6,384
853,6,898
854,6,34
855,6,122
856,6,575
857,6,325
858,6,850
859,6,394
860,6,396
861,6,511
862,6,837
863,6,34
864,6,575
865,6,32
866,6,780
867,6,1174
868,6,739
869,6,122
870,6,160
871,6,487
872,6,780
873,6,579
874,6,1081
875,6,1011
876,6,522
877,6,62
878,6,1234
879,6,273
880,6,384
881,6,514
882,6,626
883,6,1269
884,6,1081
885,6,122
886,6,1234
887,6,803
888,6,1011
889,6,627
890,6,803
891,6,1011
892,6,394
893,6,32
894,6,655
895,6,248
896,6,397
897,6,738
898,6,483
899,6,1307
900,6,803
901,6,839
902,6,389
903,6,553
904,6,483
905,6,1279
906,6,850
907,6,640
908,6,387
909,6,598
910,6,123
911,6,598
912,6,483
913,6,1021
914,6,507
915,6,850
916,6,278
917,6,1235
918,6,1057
919,6,627
921,6,1235
922,6,553
923,6,1153
924,6,626
925,6,389
926,6,625
927,6,1071
928,6,1073
929,6,540
930,6,1246
931,6,779
932,6,850
933,6,1151
934,6,625
935,6,63
936,6,291
937,6,74
938,6,356
939,6,144
940,6,286
941,6,693
942,6,1358
943,6,1153
944,6,621
945,6,840
946,6,1246
947,6,329
948,6,392
949,6,693
950,6,254
951,6,508
952,6,1235
953,6,499
954,6,1246
955,6,912
956,6,1153
957,6,1070
958,6,627
959,6,257
960,6,1040
961,6,123
962,6,908
963,6,677
964,6,907
965,6,1157
966,6,141
967,6,95
968,6,906
969,6,912
970,6,1146
971,6,141
972,6,1083
973,6,273
974,6,896
975,6,619
976,6,544
977,6,14
978,6,1199
979,6,744
980,6,715
981,6,809
982,6,1235
983,6,400
984,6,259
985,6,715
986,6,255
987,6,1157
988,6,907
989,6,257
990,6,1233
991,6,1234
992,6,745
993,6,1083
994,6,101
995,6,1234
997,6,1362
998,6,906
999,6,933
1000,6,1083
1001,6,715
1002,6,915
1003,6,754
1004,6,1160
1005,6,116
1006,6,1263
1007,6,465
1008,6,690
1009,6,807
1010,6,698
1011,6,804
1012,6,1308
1013,6,945
1014,6,1362
1015,6,841
1016,6,1149
1017,6,856
1018,6,745
1019,6,638
1020,6,608
1021,6,1160
1022,6,716
1023,6,915
1024,6,463
1025,6,1256
1026,6,808
1027,6,484
1028,6,1362
1029,6,141
1030,6,486
1031,6,1258
1032,6,322
1033,6,141
1034,6,856
1035,6,1276
1036,6,1363
1037,6,379
1038,6,638
1039,6,484
1040,6,781
1041,6,843
1042,6,172
1043,6,915
1044,6,956
1045,6,1276
1046,6,124
1047,6,486
1048,6,674
1049,6,1059
1050,6,484
1051,6,841
1052,6,484
1053,6,781
1054,6,486
1055,6,719
1056,6,746
1057,6,1058
1058,6,141
1059,6,1058
1060,6,13
1061,6,484
1062,6,468
1063,6,1058
1064,6,292
1065,6,719
1066,6,306
1067,6,79
1068,6,844
1069,6,1158
1070,6,79
1071,6,292
1072,6,838
1073,6,21
1074,6,805
1075,6,1074
1076,6,1144
1077,6,305
1078,6,687
1079,6,12
1080,6,1258
1082,6,21
1083,6,1235
1084,6,838
1085,6,304
1086,6,543
1087,6,250
1088,6,79
1089,6,609
1090,6,842
1091,6,687
1092,6,292
1093,6,637
1094,6,838
1095,7,632
1096,7,741
1097,7,747
1098,7,780
1099,7,535
1100,7,255
1101,7,607
1102,7,241
1103,7,741
1104,7,241
1105,7,861
1106,7,813
1107,7,713
1108,7,813
1109,7,4
1110,7,402
1111,7,855
1112,7,1356
1113,7,386
1114,7,274
1115,7,1010
1116,7,164
1117,7,813
1118,7,274
1119,7,377
1120,7,1356
1121,7,1087
1122,7,831
1123,7,81
1124,7,92
1125,7,1328
1126,7,611
1127,7,137
1128,7,547
1129,7,81
1130,7,1152
1131,7,1087
1132,7,81
1133,7,378
1134,7,547
1135,7,274
1136,7,836
1137,7,386
1138,7,659
1139,7,461
1140,7,1148
1141,7,668
1142,7,1148
1143,7,1263
1144,7,758
1145,7,274
1146,7,850
1147,7,323
1148,7,523
1149,7,274
1150,7,123
1151,7,1235
1152,7,636
1153,7,836
1154,7,811
1155,7,636
1156,7,24
1157,7,834
1158,7,1010
1159,7,572
1160,7,659
1161,7,604
1162,7,1157
1163,7,1034
1164,7,402
1165,7,604
1166,7,1235
1167,7,81
1168,7,413
1169,7,642
1170,7,1235
1171,7,1235
1172,7,27
1173,7,780
1174,7,413
1175,7,494
1176,7,740
1177,7,1034
1178,7,1157
1179,7,83
1180,7,642
1181,7,40
1182,7,806
1183,7,1125
1184,7,1080
1185,7,1157
1186,7,806
1187,7,497
1188,7,649
1189,7,764
1190,7,898
1191,7,108
1192,7,765
1193,7,83
1194,7,80
1195,7,898
1196,7,497
1197,7,109
1198,7,806
1199,7,645
1200,7,913
1201,7,1143
1202,7,142
1203,7,973
1204,7,898
1205,7,740
1206,7,973
1207,7,1235
1208,7,1109
1209,7,780
1210,7,166
1211,7,1117
1212,7,898
1213,7,898
1214,7,147
1215,7,876
1216,7,739
1217,7,973
1218,7,32
1219,7,869
1220,7,663
1221,7,33
1222,7,973
1223,7,837
1224,7,863
1225,7,898
1226,7,663
1227,7,739
1228,7,122
1229,7,253
1230,7,663
1231,7,1031
1232,7,34
1233,7,837
1234,7,546
1235,7,380
1236,7,740
1237,7,522
1238,7,898
1239,7,840
1240,7,294
1241,7,898
1242,7,646
1243,7,1153
1244,7,1011
1245,7,840
1246,7,1081
1247,7,600
1249,7,692
1250,7,735
1251,7,247
1252,7,1307
1253,7,1085
1254,7,626
1255,7,413
1256,7,897
1257,7,273
1258,7,507
1259,7,760
1260,7,1235
1261,7,1153
1262,7,598
1263,7,143
1264,7,630
1265,7,248
1266,7,1084
1267,7,1151
1268,7,655
1269,7,1235
1270,7,248
1271,7,740
1272,7,1153
1273,7,1235
1274,7,617
1275,7,625
1276,7,626
1277,7,1153
1278,7,248
1279,7,499
1280,7,548
1281,7,895
1282,7,387
1283,7,625
1284,7,1309
1285,7,787
1286,7,263
1287,7,261
1288,7,313
1289,7,895
1290,7,740
1291,7,570
1292,7,794
1293,7,93
1294,7,608
1295,7,1235
1296,7,92
1297,7,746
1298,7,887
1299,7,286
1300,7,1236
1301,7,746
1302,7,779
1303,7,1151
1304,7,490
1305,7,92
1306,7,570
1307,7,1151
1308,7,860
1309,7,746
1310,7,512
1311,7,746
1312,7,499
1313,7,1153
1314,7,840
1315,7,746
1316,7,141
1317,7,1153
1318,7,840
1319,7,92
1320,7,1040
1321,7,295
1322,7,1153
1323,7,512
1324,7,912
1325,7,746
1326,7,320
1327,7,746
1328,7,51
1329,7,740
1330,7,329
1331,7,1157
1332,7,141
1333,7,746
1334,7,984
1335,7,1243
1336,7,912
1337,7,883
1338,7,738
1339,7,502
1340,7,52
1341,7,1242
1342,7,897
1343,7,53
1344,7,1235
1345,7,984
1346,7,746
1347,7,1254
1348,7,381
1349,7,520
1350,7,1083
1351,7,1323
1352,7,381
1353,7,1269
1354,7,1239
1355,7,984
1356,7,1245
1357,7,1199
1358,7,56
1359,7,163
1360,7,245
1361,7,740
1362,7,326
1363,7,744
1364,7,56
1365,7,6
1366,7,245
1367,7,1245
1368,7,381
1369,7,945
1370,7,712
1371,7,1323
1372,7,1276
1373,7,10
1374,7,296
1375,7,326
1376,7,1362
1377,7,1261
1378,7,1149
1379,7,1323
1380,7,322
1381,7,894
1382,7,296
1383,7,1323
1384,7,1258
1385,7,769
1386,7,10
1387,7,1362
1388,7,1323
1389,7,746
1390,7,1245
1391,7,326
1392,7,696
1393,7,1078
1394,7,769
1395,7,823
1396,7,746
1397,7,698
1398,7,657
1399,7,736
1400,7,770
1401,7,1343
1402,7,64
1403,7,808
1404,7,1245
1405,7,746
1406,7,1078
1407,7,484
1408,7,498
1409,7,486
1410,7,524
1411,7,141
1412,7,740
1413,7,736
1414,7,746
1415,7,472
1416,7,124
1417,7,525
1418,7,1245
1419,7,242
1420,7,284
1421,7,719
1422,7,1164
1423,7,486
1424,7,473
1425,7,624
1426,7,931
1427,7,1058
1428,7,691
1429,7,484
1430,7,746
1431,7,306
1432,7,10
1433,7,1245
1434,7,623
1435,7,1058
1436,7,656
1437,7,242
1438,7,498
1439,7,1059
1440,7,524
1441,7,1058
1442,7,727
1443,7,485
1444,7,543
1445,7,624
1446,7,740
1447,7,720
1448,7,665
1449,7,1078
1451,7,930
1452,7,244
1453,7,1362
1454,7,1323
1455,7,79
1456,7,328
1457,7,1323
1458,7,1074
1459,8,1079
1460,8,632
1461,8,607
1462,8,167
1463,8,241
1464,8,162
1465,8,378
1466,8,812
1467,8,139
1468,8,530
1469,8,644
1470,8,4
1471,8,164
1472,8,390
1473,8,741
1474,8,587
1475,8,92
1476,8,274
1477,8,164
1478,8,717
1479,8,1152
1480,8,390
1481,8,122
1482,8,92
1483,8,260
1484,8,518
1485,8,390
1486,8,168
1487,8,1354
1488,8,518
1489,8,1010
1490,8,81
1491,8,92
1492,8,836
1493,8,547
1494,8,167
1495,8,269
1496,8,830
1497,8,659
1498,8,217
1499,8,717
1500,8,274
1501,8,217
1502,8,547
1503,8,137
1504,8,391
1505,8,257
1506,8,137
1507,8,274
1508,8,542
1509,8,60
1510,8,836
1511,8,81
1512,8,636
1513,8,547
1514,8,159
1515,8,391
1516,8,291
1517,8,523
1518,8,834
1519,8,587
1520,8,913
1521,8,811
1522,8,542
1523,8,1235
1524,8,24
1525,8,654
1526,8,820
1527,8,1150
1528,8,1157
1529,8,1010
1530,8,823
1531,8,1279
1532,8,291
1533,8,873
1534,8,412
1535,8,26
1536,8,1271
1537,8,823
1538,8,291
1539,8,1235
1540,8,874
1541,8,1157
1542,8,636
1543,8,40
1544,8,1157
1545,8,764
1546,8,291
1547,8,488
1548,8,26
1549,8,26
1550,8,542
1551,8,764
1552,8,548
1553,8,1143
1554,8,291
1555,8,1080
1556,8,80
1557,8,765
1558,8,542
1559,8,764
1560,8,291
1561,8,396
1562,8,765
1563,8,291
1564,8,109
1565,8,551
1566,8,1157
1567,8,381
1568,8,817
1569,8,1088
1570,8,142
1571,8,381
1572,8,1269
1573,8,483
1574,8,586
1575,8,645
1576,8,29
1577,8,291
1578,8,810
1580,8,551
1581,8,267
1582,8,961
1583,8,1032
1584,8,551
1585,8,291
1586,8,90
1587,8,384
1588,8,551
1589,8,267
1590,8,1117
1591,8,33
1592,8,267
1593,8,551
1594,8,291
1595,8,247
1596,8,957
1597,8,1086
1598,8,898
1599,8,62
1600,8,273
1601,8,1153
1602,8,1056
1603,8,961
1604,8,1086
1605,8,840
1606,8,34
1607,8,380
1608,8,291
1609,8,598
1610,8,776
1611,8,898
1612,8,646
1613,8,143
1614,8,145
1615,8,144
1616,8,897
1617,8,253
1618,8,143
1619,8,96
1620,8,1051
1621,8,295
1622,8,640
1623,8,1252
1624,8,897
1625,8,114
1626,8,655
1627,8,897
1628,8,247
1629,8,291
1630,8,246
1631,8,1041
1632,8,295
1633,8,897
1634,8,90
1635,8,96
1636,8,655
1637,8,394
1638,8,114
1639,8,1084
1640,8,90
1641,8,1041
1642,8,123
1643,8,897
1644,8,295
1645,8,1084
1646,8,1272
1647,8,897
1648,8,540
1649,8,1153
1650,8,589
1651,8,608
1652,8,617
1653,8,1084
1654,8,957
1655,8,92
1656,8,144
1657,8,243
1658,8,206
1659,8,1084
1660,8,895
1661,8,295
1662,8,649
1663,8,876
1664,8,540
1665,8,606
1666,8,959
1667,8,859
1668,8,123
1669,8,100
1670,8,746
1671,8,621
1672,8,292
1673,8,779
1674,8,1084
1675,8,608
1676,8,123
1677,8,450
1678,8,257
1680,8,1084
1681,8,859
1682,8,1145
1683,8,627
1684,8,823
1685,8,860
1686,8,186
1687,8,54
1688,8,1271
1689,8,141
1691,8,392
1692,8,912
1693,8,827
1694,8,1123
1695,8,746
1696,8,912
1697,8,1136
1698,8,329
1699,8,757
1700,8,54
1701,8,477
1702,8,809
1703,8,827
1704,8,170
1705,8,634
1706,8,123
1707,8,660
1708,8,746
1709,8,757
1710,8,150
1711,8,757
1712,8,833
1713,8,91
1714,8,746
1715,8,833
1716,8,1082
1717,8,1263
1718,8,789
1719,8,716
1720,8,780
1721,8,908
1722,8,883
1723,8,1083
1724,8,1245
1725,8,1069
1726,8,245
1727,8,538
1728,8,843
1729,8,823
1730,8,608
1731,8,886
1732,8,1092
1733,8,1323
1734,8,1115
1735,8,1273
1736,8,115
1737,8,843
1738,8,908
1739,8,843
1740,8,891
1741,8,245
1742,8,215
1743,8,807
1744,8,1083
1745,8,1190
1746,8,945
1747,8,1245
1748,8,1362
1749,8,273
1750,8,215
1751,8,945
1752,8,330
1753,8,843
1754,8,740
1755,8,203
1756,8,47
1757,8,769
1758,8,824
1759,8,327
1760,8,913
1761,8,1362
1762,8,1323
1763,8,518
1764,8,115
1765,8,332
1766,8,47
1767,8,1323
1768,8,382
1769,8,486
1770,8,1063
1771,8,715
1772,8,770
1773,8,379
1774,8,284
1775,8,1046
1776,8,528
1777,8,47
1778,8,332
1779,8,1078
1780,8,284
1781,8,65
1782,8,628
1783,8,1061
1784,8,1323
1785,8,1162
1786,8,332
1787,8,125
1788,8,467
1789,8,620
1790,8,249
1791,8,486
1792,8,1162
1793,8,902
1794,8,529
1795,8,624
1796,8,518
1797,8,332
1798,8,467
1799,8,773
1800,8,306
1801,8,931
1802,8,468
1803,8,914
1804,8,587
1805,8,705
1806,8,823
1807,8,771
1808,8,1323
1809,8,835
1810,8,1098
1811,8,47
1812,8,471
1813,8,1323
1814,8,847
1815,8,648
1816,8,847
1817,8,823
1818,8,47
1819,8,587
1820,8,471
1821,8,1162
1822,8,1362
1823,8,1162
1824,9,378
1825,9,1154
1826,9,154
1827,9,236
1828,9,644
1829,9,378
1830,9,402
1831,9,607
1832,9,235
1833,9,629
1834,9,390
1835,9,1079
1836,9,5
1837,9,236
1838,9,544
1839,9,390
1840,9,388
1841,9,635
1842,9,390
1843,9,4
1844,9,92
1845,9,820
1846,9,1152
1847,9,164
1848,9,390
1849,9,168
1850,9,92
1851,9,1356
1852,9,164
1853,9,140
1854,9,122
1855,9,140
1856,9,256
1857,9,92
1858,9,1010
1859,9,607
1860,9,92
1861,9,402
1862,9,1046
1863,9,257
1864,9,137
1865,9,137
1866,9,1046
1867,9,257
1868,9,274
1869,9,587
1870,9,1148
1871,9,391
1872,9,81
1873,9,547
1874,9,1148
1875,9,291
1876,9,758
1877,9,972
1878,9,291
1879,9,836
1880,9,811
1881,9,758
1882,9,972
1883,9,376
1884,9,81
1885,9,834
1886,9,1235
1887,9,913
1888,9,917
1889,9,814
1890,9,587
1891,9,159
1892,9,758
1893,9,741
1894,9,26
1895,9,917
1896,9,523
1897,9,604
1898,9,1279
1899,9,915
1900,9,814
1901,9,1279
1902,9,1157
1903,9,1263
1904,9,582
1905,9,1130
1906,9,758
1907,9,1042
1908,9,645
1909,9,57
1910,9,1271
1911,9,57
1912,9,587
1913,9,404
1914,9,780
1915,9,80
1916,9,26
1917,9,580
1918,9,57
1919,9,1109
1920,9,441
1921,9,496
1922,9,645
1923,9,649
1924,9,109
1925,9,1109
1926,9,551
1927,9,1080
1928,9,1279
1929,9,898
1930,9,1187
1931,9,814
1932,9,1143
1933,9,1187
1934,9,404
1935,9,291
1936,9,396
1937,9,1157
1938,9,142
1939,9,1090
1940,9,1157
1941,9,506
1942,9,483
1943,9,649
1944,9,1117
1945,9,1269
1946,9,89
1947,9,1126
1948,9,898
1949,9,273
1950,9,396
1951,9,153
1952,9,810
1953,9,291
1954,9,253
1955,9,645
1956,9,966
1957,9,273
1958,9,810
1959,9,90
1960,9,551
1961,9,898
1962,9,776
1963,9,291
1964,9,957
1965,9,581
1966,9,263
1967,9,144
1968,9,273
1969,9,1117
1970,9,546
1971,9,649
1972,9,783
1973,9,898
1974,9,1279
1975,9,267
1976,9,1086
1977,9,783
1978,9,273
1979,9,840
1980,9,1117
1981,9,655
1982,9,251
1983,9,1133
1984,9,897
1985,9,143
1986,9,649
1987,9,1153
1988,9,65
1989,9,943
1990,9,775
1991,9,895
1992,9,626
1993,9,581
1994,9,897
1995,9,640
1996,9,253
1997,9,1117
1998,9,114
1999,9,895
2000,9,384
2001,9,895
2002,9,267
2003,9,1117
2004,9,895
2005,9,96
2006,9,897
2007,9,640
2008,9,553
2009,9,809
2010,9,90
2011,9,253
2012,9,586
2013,9,809
2014,9,850
2015,9,92
2016,9,895
2017,9,1084
2018,9,787
2019,9,606
2020,9,384
2021,9,1271
2022,9,586
2023,9,649
2024,9,253
2025,9,251
2026,9,253
2027,9,647
2028,9,960
2029,9,100
2030,9,789
2031,9,1084
2032,9,65
2033,9,606
2034,9,647
2035,9,65
2036,9,256
2037,9,1314
2038,9,257
2039,9,1010
2040,9,895
2041,9,1151
2042,9,1070
2043,9,647
2044,9,451
2045,9,253
2046,9,895
2047,9,840
2048,9,1262
2049,9,895
2050,9,779
2051,9,634
2052,9,254
2054,9,256
2055,9,912
2056,9,618
2057,9,329
2058,9,796
2059,9,895
2060,9,824
2061,9,895
2062,9,1157
2063,9,1157
2064,9,809
2065,9,583
2066,9,206
2067,9,74
2068,9,1157
2069,9,796
2070,9,895
2071,9,833
2072,9,819
2073,9,1353
2074,9,895
2075,9,505
2076,9,1242
2077,9,757
2078,9,833
2079,9,73
2080,9,332
2081,9,73
2082,9,757
2083,9,1323
2084,9,1273
2085,9,746
2086,9,608
2087,9,787
2088,9,895
2089,9,833
2090,9,757
2091,9,403
2092,9,703
2093,9,292
2094,9,1175
2095,9,505
2096,9,1323
2097,9,186
2098,9,895
2099,9,332
2100,9,1043
2101,9,1083
2102,9,55
2103,9,252
2104,9,807
2105,9,945
2106,9,1273
2107,9,1161
2108,9,716
2109,9,332
2110,9,807
2111,9,757
2112,9,1273
2113,9,841
2114,9,271
2115,9,895
2116,9,115
2117,9,945
2118,9,518
2119,9,300
2120,9,757
2121,9,1273
2122,9,841
2123,9,716
2124,9,1323
2125,9,757
2126,9,1273
2127,9,70
2128,9,486
2129,9,716
2130,9,111
2131,9,576
2132,9,843
2133,9,780
2134,9,757
2135,9,1323
2136,9,47
2137,9,886
2138,9,115
2139,9,1323
2140,9,1355
2141,9,191
2142,9,1323
2143,9,716
2144,9,70
2145,9,141
2146,9,1116
2147,9,47
2148,9,128
2149,9,1362
2150,9,70
2151,9,886
2152,9,1046
2153,9,914
2154,9,913
2155,9,47
2156,9,746
2157,9,484
2158,9,1362
2159,9,931
2160,9,1273
2161,9,746
2162,9,893
2163,9,620
2164,9,1076
2165,9,47
2166,9,1287
2167,9,746
2168,9,38
2169,9,103
2170,9,47
2171,9,656
2172,9,1076
2173,9,720
2174,9,1362
2175,9,746
2176,9,1362
2177,9,785
2178,9,332
2179,9,773
2180,9,47
2181,9,526
2182,9,622
2183,9,1046
2184,9,38
2185,9,622
2186,9,1202
2187,9,526
2188,9,69
2189,10,1089
2190,10,819
2191,10,629
2192,10,824
2193,10,378
2194,10,632
2195,10,629
2196,10,824
2197,10,607
2198,10,235
2199,10,823
2200,10,1046
2201,10,402
2202,10,1010
2203,10,820
2204,10,824
2205,10,269
2206,10,519
2207,10,1217
2208,10,92
2209,10,644
2210,10,587
2211,10,852
2212,10,1217
2213,10,1016
2214,10,1338
2215,10,164
2216,10,164
2217,10,587
2218,10,586
2219,10,1018
2220,10,256
2221,10,819
2222,10,747
2223,10,1046
2224,10,717
2225,10,852
2226,10,820
2227,10,587
2228,10,92
2229,10,424
2230,10,122
2231,10,820
2232,10,823
2233,10,237
2234,10,424
2235,10,423
2236,10,92
2237,10,1010
2238,10,823
2239,10,587
2240,10,237
2241,10,587
2242,10,92
2243,10,238
2244,10,391
2245,10,758
2246,10,587
2247,10,823
2248,10,758
2249,10,572
2250,10,972
2251,10,758
2252,10,811
2253,10,1150
2254,10,1235
2255,10,291
2256,10,523
2257,10,423
2258,10,917
2259,10,1137
2260,10,1034
2261,10,587
2262,10,1157
2263,10,92
2264,10,1279
2265,10,1157
2266,10,587
2267,10,92
2268,10,429
2269,10,645
2270,10,1010
2271,10,645
2272,10,823
2273,10,1010
2274,10,817
2275,10,291
2276,10,166
2277,10,780
2278,10,83
2279,10,1038
2280,10,291
2281,10,156
2282,10,1016
2283,10,166
2284,10,156
2285,10,1133
2286,10,823
2287,10,587
2288,10,604
2289,10,291
2290,10,823
2291,10,1279
2292,10,442
2293,10,587
2294,10,396
2295,10,1279
2296,10,817
2297,10,414
2298,10,1157
2299,10,413
2300,10,413
2301,10,823
2302,10,814
2303,10,587
2304,10,823
2305,10,311
2306,10,483
2307,10,396
2308,10,1157
2309,10,404
2310,10,414
2311,10,426
2312,10,626
2313,10,442
2314,10,76
2315,10,649
2316,10,626
2317,10,1138
2318,10,823
2319,10,837
2320,10,442
2321,10,153
2322,10,837
2323,10,876
2324,10,546
2325,10,384
2326,10,76
2327,10,89
2328,10,550
2329,10,247
2330,10,291
2331,10,383
2332,10,649
2333,10,253
2334,10,380
2335,10,380
2336,10,776
2337,10,114
2338,10,649
2339,10,645
2340,10,309
2341,10,546
2342,10,806
2343,10,581
2344,10,329
2345,10,649
2346,10,783
2347,10,777
2348,10,546
2349,10,356
2350,10,582
2351,10,806
2352,10,411
2353,10,246
2354,10,1127
2355,10,253
2356,10,96
2357,10,295
2358,10,640
2359,10,649
2360,10,251
2361,10,645
2362,10,253
2363,10,295
2364,10,65
2365,10,90
2366,10,943
2367,10,897
2368,10,253
2369,10,1010
2370,10,809
2371,10,1117
2372,10,822
2373,10,895
2374,10,65
2375,10,630
2376,10,1138
2377,10,295
2378,10,957
2379,10,649
2380,10,587
2381,10,511
2382,10,243
2383,10,649
2384,10,822
2385,10,253
2386,10,649
2387,10,65
2388,10,295
2389,10,951
2390,10,114
2391,10,1010
2392,10,1298
2393,10,1212
2394,10,1277
2395,10,895
2396,10,649
2397,10,684
2398,10,253
2399,10,966
2400,10,1298
2401,10,186
2402,10,286
2403,10,1298
2404,10,1123
2405,10,243
2406,10,253
2407,10,1314
2408,10,1302
2409,10,92
2410,10,1123
2411,10,286
2412,10,1360
2413,10,617
2414,10,1123
2415,10,197
2416,10,1314
2417,10,150
2418,10,774
2419,10,1277
2420,10,1229
2421,10,254
2422,10,1303
2423,10,1157
2424,10,1314
2425,10,254
2426,10,1304
2427,10,1228
2428,10,1353
2429,10,1313
2430,10,1314
2431,10,566
2432,10,1353
2433,10,1303
2434,10,1228
2435,10,1283
2436,10,1244
2437,10,1357
2438,10,978
2439,10,254
2440,10,980
2441,10,1332
2442,10,185
2443,10,444
2444,10,958
2445,10,253
2446,10,1199
2447,10,253
2448,10,1277
2449,10,1314
2450,10,1357
2451,10,14
2452,10,259
2453,10,520
2454,10,74
2455,10,188
2456,10,1323
2457,10,73
2458,10,1229
2459,10,101
2460,10,300
2461,10,1314
2462,10,1304
2463,10,1228
2464,10,245
2465,10,1355
2466,10,1115
2467,10,732
2468,10,1357
2469,10,200
2470,10,520
2471,10,807
2472,10,1314
2473,10,698
2474,10,895
2475,10,1115
2476,10,982
2477,10,807
2478,10,1304
2479,10,1204
2480,10,715
2481,10,841
2482,10,757
2483,10,934
2484,10,769
2485,10,169
2486,10,486
2487,10,945
2488,10,799
2489,10,883
2490,10,1116
2491,10,770
2492,10,982
2493,10,1213
2494,10,895
2495,10,256
2496,10,913
2497,10,270
2498,10,1270
2499,10,1198
2500,10,1304
2501,10,799
2502,10,808
2503,10,303
2505,10,746
2506,10,808
2507,10,504
2508,10,785
2509,10,1010
2510,10,524
2511,10,1116
2512,10,877
2513,10,1046
2514,10,757
2515,10,47
2516,10,1078
2517,10,847
2518,10,525
2519,10,587
2520,10,1198
2521,10,824
2522,10,624
2523,10,1010
2524,10,249
2525,10,1063
2526,10,746
2527,10,931
2528,10,847
2529,10,1059
2530,10,705
2531,10,1314
2532,10,305
2533,10,605
2534,10,847
2535,10,1245
2536,10,16
2537,10,847
2538,10,306
2539,10,1314
2540,10,847
2541,10,708
2542,10,1327
2543,10,1010
2544,10,982
2545,10,1314
2546,10,746
2547,10,315
2548,10,1287
2549,10,847
2550,10,16
2551,10,332
2552,10,1287
2553,10,1039
2554,11,831
2555,11,1046
2556,11,378
2557,11,629
2558,11,1079
2559,11,1046
2560,11,236
2561,11,644
2562,11,819
2563,11,741
2564,11,82
2565,11,629
2566,11,236
2567,11,644
2568,11,171
2569,11,236
2570,11,753
2571,11,1334
2572,11,852
2573,11,1133
2574,11,1335
2575,11,236
2576,11,823
2577,11,1334
2578,11,644
2579,11,164
2580,11,747
2581,11,587
2582,11,852
2583,11,1334
2584,11,1217
2585,11,1334
2586,11,1123
2587,11,830
2588,11,402
2589,11,547
2590,11,256
2591,11,1046
2592,11,747
2593,11,1334
2594,11,256
2595,11,1046
2596,11,542
2597,11,586
2598,11,164
2599,11,1315
2600,11,1016
2601,11,1289
2602,11,1148
2603,11,325
2604,11,1046
2605,11,391
2606,11,1240
2607,11,1335
2608,11,758
2609,11,542
2610,11,122
2611,11,850
2612,11,391
2613,11,820
2614,11,291
2615,11,758
2616,11,523
2617,11,238
2618,11,823
2619,11,636
2620,11,582
2621,11,459
2622,11,811
2623,11,915
2624,11,238
2625,11,758
2626,11,1137
2627,11,26
2628,11,587
2629,11,24
2630,11,1145
2631,11,412
2632,11,650
2633,11,811
2634,11,586
2635,11,491
2636,11,1042
2637,11,548
2638,11,413
2639,11,496
2640,11,645
2641,11,1038
2642,11,548
2643,11,166
2644,11,156
2645,11,645
2646,11,1125
2647,11,645
2648,11,817
2649,11,420
2650,11,166
2651,11,415
2652,11,604
2653,11,811
2654,11,150
2655,11,626
2656,11,587
2657,11,1110
2658,11,147
2659,11,823
2660,11,586
2661,11,413
2662,11,824
2663,11,1279
2664,11,740
2665,11,506
2666,11,1279
2667,11,626
2668,11,413
2669,11,663
2670,11,649
2671,11,415
2672,11,672
2673,11,582
2674,11,506
2675,11,810
2676,11,396
2677,11,1118
2678,11,1138
2679,11,645
2680,11,823
2681,11,1118
2682,11,780
2683,11,1032
2684,11,957
2685,11,76
2686,11,645
2687,11,823
2688,11,384
2689,11,153
2690,11,895
2691,11,153
2692,11,1032
2693,11,253
2694,11,356
2695,11,153
2696,11,550
2697,11,34
2698,11,546
2699,11,549
2700,11,267
2701,11,144
2702,11,822
2703,11,356
2704,11,840
2705,11,43
2706,11,783
2707,11,329
2708,11,1153
2709,11,822
2710,11,546
2711,11,582
2712,11,144
2713,11,1118
2714,11,144
2715,11,384
2716,11,354
2717,11,806
2718,11,692
2719,11,1138
2720,11,649
2721,11,649
2722,11,251
2723,11,267
2724,11,356
2725,11,546
2726,11,793
2727,11,548
2728,11,247
2729,11,553
2730,11,356
2731,11,740
2732,11,114
2733,11,649
2734,11,243
2735,11,553
2736,11,630
2737,11,649
2738,11,367
2739,11,356
2740,11,962
2741,11,649
2742,11,354
2743,11,329
2744,11,630
2745,11,364
2746,11,649
2747,11,962
2748,11,733
2749,11,630
2750,11,356
2751,11,114
2752,11,553
2753,11,1071
2754,11,221
2755,11,617
2756,11,608
2757,11,243
2758,11,552
2759,11,1070
2760,11,450
2761,11,253
2762,11,286
2763,11,1246
2764,11,114
2765,11,1315
2766,11,1360
2767,11,450
2768,11,794
2769,11,450
2770,11,397
2771,11,1071
2772,11,1277
2773,11,667
2774,11,969
2775,11,1151
2776,11,969
2777,11,1228
2778,11,1314
2779,11,183
2780,11,329
2781,11,824
2782,11,1360
2783,11,649
2784,11,1299
2785,11,1360
2786,11,1277
2787,11,1228
2788,11,640
2789,11,912
2790,11,1290
2791,11,1357
2792,11,1277
2793,11,895
2794,11,1283
2795,11,1357
2796,11,649
2797,11,789
2798,11,1313
2799,11,1218
2800,11,1353
2801,11,649
2802,11,1283
2803,11,596
2804,11,1218
2805,11,1357
2806,11,1283
2807,11,907
2808,11,908
2809,11,1069
2810,11,940
2811,11,505
2812,11,185
2813,11,958
2814,11,891
2815,11,757
2816,11,520
2817,11,1228
2818,11,1133
2819,11,1360
2820,11,1208
2821,11,520
2822,11,299
2823,11,1314
2824,11,958
2825,11,575
2826,11,1015
2827,11,112
2828,11,111
2829,11,185
2830,11,955
2831,11,1204
2832,11,757
2833,11,895
2834,11,1239
2835,11,1304
2836,11,1229
2837,11,807
2838,11,1357
2839,11,1332
2840,11,1360
2841,11,1357
2842,11,1314
2843,11,979
2844,11,1360
2845,11,1115
2846,11,694
2847,11,895
2848,11,1304
2849,11,823
2850,11,1314
2851,11,1332
2852,11,1323
2853,11,1357
2854,11,934
2855,11,1360
2856,11,1277
2857,11,650
2858,11,757
2859,11,70
2860,11,1115
2861,11,1213
2862,11,979
2863,11,1210
2864,11,267
2865,11,379
2866,11,824
2867,11,979
2868,11,1277
2869,11,1327
2870,11,823
2871,11,1210
2872,11,1299
2873,11,823
2874,11,847
2875,11,1210
2876,11,1314
2877,11,892
2878,11,1314
2879,11,1277
2880,11,242
2881,11,484
2882,11,847
2883,11,47
2884,11,1357
2885,11,1198
2886,11,1314
2887,11,847
2888,11,1046
2889,11,885
2890,11,1226
2891,11,1010
2892,11,1287
2893,11,1360
2894,11,1362
2895,11,403
2896,11,707
2897,11,983
2898,11,1198
2900,11,1210
2901,11,1010
2902,11,705
2903,11,1277
2904,11,1287
2905,11,73
2906,11,1072
2907,11,1196
2908,11,1314
2909,11,73
2910,11,403
2911,11,1294
2912,11,1360
2913,11,1330
2914,11,1039
2915,11,73
2916,11,1133
2917,11,73
2918,11,1277
2919,12,587
2920,12,236
2921,12,741
2922,12,1277
2923,12,852
2924,12,819
2925,12,823
2926,12,1354
2927,12,586
2928,12,1241
2929,12,1335
2930,12,823
2931,12,587
2932,12,1241
2933,12,852
2934,12,780
2935,12,1232
2936,12,1354
2937,12,823
2938,12,431
2939,12,1241
2940,12,747
2941,12,1232
2942,12,650
2943,12,1200
2944,12,402
2945,12,587
2946,12,1241
2947,12,747
2948,12,1249
2949,12,852
2950,12,237
2951,12,836
2952,12,423
2953,12,743
2954,12,819
2955,12,1354
2956,12,542
2957,12,1241
2958,12,819
2959,12,237
2960,12,587
2961,12,123
2962,12,238
2963,12,542
2964,12,122
2965,12,1010
2966,12,50
2967,12,824
2968,12,587
2969,12,1346
2970,12,1240
2971,12,586
2972,12,1010
2973,12,458
2974,12,823
2975,12,972
2976,12,81
2977,12,587
2978,12,1263
2979,12,237
2980,12,819
2981,12,1240
2982,12,607
2983,12,291
2984,12,758
2985,12,237
2986,12,57
2987,12,1133
2988,12,823
2989,12,548
2990,12,19
2991,12,654
2992,12,811
2993,12,308
2994,12,1123
2995,12,1240
2996,12,913
2997,12,1145
2998,12,587
2999,12,488
3000,12,1125
3001,12,429
3002,12,307
3003,12,461
3004,12,654
3005,12,823
3006,12,488
3007,12,425
3008,12,1042
3009,12,488
3010,12,823
3011,12,291
3012,12,1124
3013,12,587
3014,12,404
3015,12,420
3016,12,645
3017,12,291
3018,12,1240
3019,12,490
3020,12,898
3021,12,819
3022,12,147
3023,12,404
3024,12,976
3025,12,580
3026,12,359
3027,12,976
3028,12,404
3029,12,1157
3030,12,542
3031,12,548
3032,12,898
3033,12,672
3034,12,381
3035,12,587
3036,12,1010
3037,12,819
3038,12,663
3039,12,414
3040,12,895
3041,12,153
3042,12,649
3043,12,1117
3044,12,1117
3045,12,780
3046,12,663
3047,12,587
3048,12,234
3049,12,404
3050,12,810
3052,12,247
3053,12,898
3054,12,837
3055,12,34
3056,12,627
3057,12,1117
3058,12,823
3059,12,34
3060,12,511
3061,12,740
3062,12,404
3063,12,153
3064,12,510
3065,12,404
3066,12,354
3067,12,487
3068,12,522
3069,12,943
3070,12,77
3071,12,404
3072,12,279
3073,12,356
3074,12,1279
3075,12,522
3076,12,153
3077,12,405
3078,12,775
3079,12,587
3080,12,655
3081,12,821
3082,12,509
3083,12,548
3084,12,309
3085,12,356
3086,12,633
3087,12,548
3088,12,295
3089,12,499
3090,12,309
3091,12,606
3092,12,819
3093,12,356
3094,12,548
3095,12,821
3096,12,367
3097,12,814
3098,12,630
3099,12,367
3100,12,367
3101,12,606
3102,12,1307
3103,12,329
3104,12,721
3105,12,1010
3106,12,405
3107,12,570
3108,12,821
3109,12,356
3110,12,809
3112,12,774
3113,12,366
3114,12,268
3115,12,740
3116,12,851
3117,12,1278
3119,12,1095
3120,12,366
3121,12,598
3123,12,1151
3124,12,587
3125,12,1315
3126,12,617
3127,12,405
3128,12,1070
3129,12,1010
3130,12,1042
3131,12,649
3132,12,1335
3133,12,667
3134,12,428
3135,12,1057
3136,12,649
3137,12,895
3138,12,618
3139,12,649
3140,12,405
3141,12,1360
3142,12,267
3144,12,640
3145,12,1212
3146,12,243
3147,12,329
3148,12,557
3149,12,397
3150,12,819
3151,12,587
3152,12,267
3153,12,895
3154,12,627
3155,12,859
3156,12,850
3157,12,649
3158,12,254
3159,12,822
3160,12,1240
3161,12,1335
3162,12,403
3163,12,634
3164,12,817
3166,12,757
3167,12,787
3168,12,1314
3169,12,1157
3170,12,649
3171,12,1360
3172,12,111
3174,12,1083
3175,12,1136
3176,12,259
3177,12,292
3178,12,1069
3180,12,345
3181,12,1273
3182,12,505
3183,12,188
3184,12,693
3185,12,824
3187,12,55
3188,12,520
3189,12,1038
3190,12,1093
3192,12,243
3193,12,1271
3194,12,419
3195,12,824
3196,12,967
3197,12,47
3198,12,500
3199,12,403
3200,12,297
3201,12,823
3202,12,297
3203,12,179
3204,12,1123
3205,12,413
3206,12,746
3207,12,297
3208,12,455
3210,12,268
3211,12,297
3212,12,609
3213,12,455
3214,12,740
3215,12,381
3217,12,297
3218,12,934
3220,12,1282
3221,12,1038
3222,12,47
3223,12,915
3224,12,372
3225,12,883
3226,12,746
3227,12,741
3229,12,850
3230,12,70
3231,12,1362
3232,12,747
3233,12,141
3234,12,13
3235,12,780
3236,12,1288
3237,12,1046
3238,12,403
3239,12,13
3242,12,368
3243,12,56
3244,12,1028
3245,12,368
3246,12,284
3248,12,824
3249,12,1360
3250,12,1314
3251,12,526
3252,12,914
3253,12,1245
3256,12,608
3258,12,1133
3259,12,1046
3261,12,270
3262,12,773
3263,12,141
3264,12,794
3265,12,1066
3266,12,73
3267,12,823
3270,12,1144
3271,12,141
3272,12,1277
3273,12,1210
3274,12,842
3276,12,605
3277,12,609
3278,12,526
3279,12,141
3280,12,126
3281,12,79
3282,12,824
3283,13,629
3284,13,1354
3285,13,402
3286,13,1010
3287,13,587
3288,13,530
3289,13,1265
3290,13,747
3291,13,1232
3292,13,852
3293,13,1010
3294,13,402
3295,13,1133
3296,13,1277
3297,13,236
3298,13,1241
3299,13,475
3300,13,852
3301,13,1241
3302,13,819
3303,13,1326
3304,13,519
3305,13,578
3306,13,855
3307,13,1277
3308,13,1217
3309,13,1329
3310,13,1265
3311,13,1361
3312,13,824
3313,13,1356
3314,13,482
3315,13,402
3316,13,439
3317,13,780
3318,13,5
3319,13,439
3320,13,852
3321,13,823
3322,13,1046
3323,13,1133
3324,13,547
3325,13,659
3326,13,852
3327,13,748
3328,13,547
3329,13,402
3330,13,237
3331,13,461
3332,13,836
3333,13,122
3334,13,825
3335,13,653
3336,13,402
3337,13,1133
3338,13,1010
3339,13,836
3340,13,1010
3341,13,653
3342,13,1315
3343,13,824
3344,13,424
3345,13,587
3346,13,758
3347,13,800
3348,13,123
3349,13,1249
3350,13,800
3351,13,823
3352,13,654
3353,13,1145
3354,13,1042
3355,13,308
3356,13,123
3357,13,494
3358,13,824
3359,13,548
3360,13,1010
3361,13,494
3362,13,402
3363,13,1038
3364,13,1036
3365,13,402
3366,13,542
3367,13,547
3368,13,811
3369,13,1036
3370,13,1231
3371,13,1113
3372,13,780
3373,13,1010
3374,13,1038
3375,13,1010
3376,13,671
3377,13,1125
3378,13,645
3379,13,823
3380,13,483
3381,13,404
3382,13,1109
3383,13,1010
3384,13,147
3385,13,1110
3386,13,823
3387,13,548
3388,13,1279
3389,13,898
3390,13,404
3391,13,1321
3392,13,291
3393,13,587
3394,13,1010
3395,13,359
3396,13,308
3397,13,267
3398,13,546
3399,13,404
3400,13,823
3401,13,1157
3402,13,142
3403,13,587
3404,13,483
3405,13,1050
3406,13,645
3407,13,823
3408,13,1126
3409,13,329
3410,13,1277
3411,13,1279
3412,13,153
3413,13,633
3414,13,404
3415,13,1157
3416,13,90
3417,13,309
3418,13,819
3419,13,354
3420,13,404
3421,13,645
3422,13,153
3423,13,895
3424,13,1031
3425,13,356
3426,13,627
3427,13,587
3428,13,310
3429,13,1052
3430,13,1010
3431,13,153
3432,13,279
3433,13,329
3434,13,1177
3435,13,356
3436,13,645
3437,13,645
3438,13,1052
3439,13,819
3440,13,144
3441,13,598
3442,13,645
3443,13,598
3444,13,943
3445,13,144
3446,13,1010
3447,13,817
3448,13,1118
3449,13,587
3450,13,238
3451,13,246
3452,13,587
3453,13,943
3454,13,247
3455,13,943
3456,13,1010
3457,13,1335
3458,13,1029
3459,13,655
3460,13,329
3461,13,661
3462,13,130
3463,13,522
3464,13,1010
3465,13,943
3466,13,617
3467,13,1329
3468,13,499
3469,13,606
3470,13,943
3472,13,1010
3473,13,246
3474,13,253
3475,13,817
3476,13,586
3477,13,630
3478,13,1010
3479,13,1290
3480,13,367
3481,13,129
3482,13,606
3483,13,774
3484,13,129
3485,13,211
3486,13,1070
3487,13,253
3488,13,667
3489,13,1151
3490,13,647
3491,13,600
3492,13,129
3493,13,617
3494,13,1266
3495,13,397
3496,13,11
3497,13,617
3498,13,1212
3500,13,640
3501,13,411
3502,13,1010
3503,13,329
3504,13,392
3505,13,779
3506,13,254
3507,13,1190
3508,13,649
3509,13,1266
3510,13,1357
3511,13,640
3512,13,1228
3513,13,649
3514,13,1010
3515,13,286
3517,13,1266
3518,13,740
3519,13,1025
3520,13,634
3521,13,1055
3522,13,1010
3523,13,1266
3525,13,521
3526,13,640
3527,13,746
3528,13,521
3529,13,1360
3530,13,520
3531,13,1014
3532,13,74
3533,13,1332
3534,13,1353
3535,13,649
3536,13,363
3537,13,453
3538,13,1038
3539,13,1199
3540,13,520
3541,13,520
3542,13,267
3543,13,520
3544,13,614
3545,13,1038
3546,13,1069
3547,13,1010
3548,13,505
3549,13,746
3550,13,740
3551,13,886
3552,13,1323
3553,13,268
3554,13,757
3555,13,299
3556,13,275
3557,13,505
3558,13,794
3559,13,746
3560,13,71
3561,13,817
3562,13,363
3563,13,1161
3564,13,456
3565,13,403
3566,13,746
3567,13,789
3568,13,1010
3569,13,47
3570,13,61
3571,13,841
3572,13,500
3573,13,322
3574,13,757
3575,13,1161
3576,13,541
3577,13,1290
3578,13,115
3579,13,915
3580,13,934
3581,13,486
3582,13,500
3583,13,1290
3584,13,799
3585,13,1010
3586,13,886
3587,13,35
3588,13,1078
3589,13,817
3590,13,1282
3591,13,457
3592,13,915
3593,13,577
3594,13,464
3595,13,110
3596,13,746
3597,13,1258
3598,13,1295
3599,13,370
3600,13,1115
3601,13,740
3602,13,1198
3603,13,808
3604,13,615
3605,13,369
3606,13,746
3607,13,675
3608,13,124
3609,13,1046
3610,13,1198
3611,13,824
3612,13,847
3614,13,1058
3615,13,1010
3616,13,74
3617,13,746
3619,13,1046
3620,13,1198
3621,13,47
3622,13,1290
3623,13,914
3624,13,1198
3625,13,1362
3626,13,637
3627,13,12
3628,13,778
3629,13,472
3630,13,1198
3631,13,746
3632,13,141
3633,13,332
3634,13,470
3635,13,740
3636,13,1323
3637,13,16
3638,13,921
3639,13,141
3640,13,1323
3641,13,141
3642,13,1062
3643,13,1010
3644,13,1323
3645,13,1039
3646,13,484
3648,14,23
3649,14,629
3650,14,1010
3651,14,632
3652,14,1133
3653,14,402
3654,14,1010
3655,14,1241
3656,14,1354
3657,14,1277
3658,14,1241
3659,14,236
3660,14,644
3661,14,852
3662,14,1354
3663,14,1335
3664,14,122
3665,14,58
3666,14,1129
3667,14,1123
3668,14,1334
3669,14,1354
3670,14,1241
3671,14,747
3672,14,845
3673,14,587
3674,14,402
3675,14,1354
3676,14,1010
3677,14,238
3678,14,544
3679,14,1046
3680,14,1338
3681,14,819
3682,14,122
3683,14,766
3684,14,402
3685,14,123
3686,14,461
3687,14,587
3688,14,402
3689,14,217
3690,14,743
3691,14,1354
3692,14,1010
3693,14,1346
3694,14,1289
3695,14,402
3696,14,1240
3697,14,972
3698,14,547
3699,14,123
3700,14,836
3701,14,587
3702,14,402
3703,14,758
3704,14,586
3705,14,523
3706,14,1346
3707,14,402
3708,14,653
3709,14,811
3710,14,1289
3711,14,834
3712,14,587
3713,14,653
3714,14,317
3715,14,636
3716,14,26
3717,14,137
3718,14,758
3719,14,308
3720,14,1157
3721,14,915
3722,14,1042
3723,14,916
3724,14,461
3725,14,758
3726,14,1250
3727,14,1346
3728,14,917
3729,14,461
3730,14,308
3731,14,1016
3732,14,307
3733,14,1346
3734,14,166
3735,14,404
3736,14,1038
3737,14,1033
3738,14,83
3739,14,1036
3740,14,645
3741,14,852
3742,14,44
3743,14,1124
3744,14,57
3745,14,1016
3746,14,811
3747,14,1014
3748,14,1240
3749,14,404
3750,14,649
3751,14,645
3752,14,1014
3753,14,1109
3754,14,1240
3755,14,506
3756,14,1157
3757,14,587
3758,14,312
3759,14,1279
3760,14,1109
3761,14,587
3762,14,1014
3763,14,483
3764,14,626
3765,14,780
3766,14,645
3767,14,381
3768,14,645
3769,14,546
3770,14,506
3771,14,312
3772,14,404
3773,14,329
3774,14,587
3775,14,396
3776,14,1031
3777,14,626
3778,14,76
3779,14,819
3780,14,546
3781,14,279
3782,14,627
3783,14,247
3784,14,546
3785,14,309
3786,14,76
3787,14,575
3788,14,383
3789,14,89
3790,14,404
3791,14,114
3792,14,105
3793,14,76
3794,14,581
3795,14,546
3796,14,1050
3797,14,575
3798,14,143
3799,14,759
3800,14,309
3801,14,522
3802,14,1190
3803,14,943
3804,14,309
3805,14,356
3806,14,943
3807,14,926
3808,14,645
3809,14,405
3810,14,1153
3811,14,10
3812,14,251
3813,14,546
3814,14,1117
3815,14,356
3816,14,1190
3817,14,248
3818,14,1029
3819,14,1151
3820,14,587
3821,14,309
3822,14,309
3823,14,630
3824,14,329
3825,14,295
3826,14,355
3827,14,655
3828,14,548
3829,14,1266
3830,14,329
3831,14,356
3832,14,1030
3833,14,1290
3834,14,364
3835,14,926
3836,14,981
3837,14,1289
3838,14,405
3839,14,575
3840,14,413
3841,14,1278
3842,14,92
3843,14,1360
3844,14,267
3845,14,413
3846,14,722
3847,14,129
3848,14,587
3849,14,649
3850,14,667
3851,14,1266
3852,14,417
3853,14,941
3854,14,1043
3855,14,74
3856,14,895
3857,14,667
3859,14,100
3860,14,213
3861,14,649
3862,14,1025
3863,14,1151
3864,14,392
3865,14,1278
3866,14,10
3867,14,617
3868,14,823
3869,14,1010
3870,14,585
3871,14,329
3872,14,667
3873,14,1122
3874,14,584
3875,14,895
3876,14,1068
3877,14,640
3878,14,394
3879,14,649
3880,14,569
3881,14,453
3882,14,1283
3883,14,649
3884,14,1259
3885,14,405
3886,14,1242
3887,14,649
3888,14,1239
3889,14,575
3890,14,1224
3891,14,453
3892,14,1335
3893,14,677
3894,14,1015
3895,14,1353
3896,14,575
3897,14,649
3898,14,1266
3899,14,1010
3900,14,660
3901,14,275
3902,14,1122
3903,14,258
3904,14,789
3905,14,1038
3906,14,824
3907,14,1323
3908,14,73
3909,14,453
3910,14,268
3911,14,1314
3912,14,567
3913,14,520
3914,14,1199
3915,14,1225
3916,14,895
3917,14,886
3918,14,780
3919,14,122
3920,14,71
3921,14,413
3922,14,500
3923,14,883
3924,14,1228
3925,14,268
3926,14,505
3927,14,1282
3928,14,757
3929,14,148
3930,14,268
3931,14,297
3932,14,71
3933,14,1161
3934,14,1335
3935,14,406
3936,14,804
3937,14,500
3938,14,271
3939,14,1357
3940,14,297
3941,14,877
3943,14,746
3944,14,716
3945,14,1010
3946,14,500
3947,14,372
3948,14,913
3949,14,780
3950,14,1010
3951,14,786
3952,14,780
3953,14,1344
3954,14,877
3955,14,1010
3956,14,505
3957,14,524
3958,14,287
3959,14,1116
3960,14,370
3961,14,847
3962,14,1010
3963,14,66
3964,14,1237
3965,14,1115
3966,14,527
3967,14,124
3968,14,1058
3969,14,896
3970,14,848
3971,14,877
3972,14,979
3973,14,525
3974,14,651
3975,14,505
3976,14,1028
3977,14,746
3978,14,284
3979,14,403
3980,14,124
3981,14,1058
3982,14,616
3983,14,1059
3984,14,1237
3985,14,707
3986,14,847
3987,14,920
3988,14,505
3989,14,892
3990,14,505
3991,14,746
3992,14,292
3993,14,403
3994,14,1210
3995,14,35
3996,14,16
3997,14,1352
3998,14,740
3999,14,746
4000,14,643
4001,14,1198
4002,14,265
4003,14,505
4004,14,1260
4005,14,1349
4006,14,1046
4007,14,1162
4008,14,622
4009,14,1208
4010,14,1254
4011,15,407
4012,15,1277
4013,15,823
4014,15,1265
4015,15,629
4016,15,644
4017,15,1241
4018,15,1335
4019,15,1010
4020,15,1264
4021,15,1354
4022,15,171
4023,15,171
4024,15,1335
4025,15,1241
4026,15,1334
4027,15,1289
4028,15,1010
4029,15,162
4030,15,402
4031,15,1277
4032,15,58
4033,15,587
4034,15,1217
4035,15,1329
4036,15,1334
4037,15,1217
4038,15,1334
4039,15,1265
4040,15,1329
4041,15,741
4042,15,1338
4043,15,753
4044,15,402
4045,15,1241
4046,15,59
4047,15,1334
4048,15,1346
4049,15,825
4050,15,659
4051,15,1334
4052,15,748
4053,15,852
4054,15,1334
4055,15,819
4056,15,852
4057,15,285
4058,15,439
4059,15,1335
4060,15,1289
4061,15,1249
4062,15,823
4063,15,972
4064,15,285
4065,15,1016
4066,15,81
4067,15,1277
4068,15,1240
4069,15,547
4070,15,238
4071,15,402
4072,15,459
4073,15,636
4074,15,586
4075,15,1277
4076,15,547
4077,15,917
4078,15,1290
4079,15,308
4080,15,291
4081,15,811
4082,15,915
4083,15,1211
4084,15,758
4085,15,24
4086,15,1035
4087,15,92
4088,15,1277
4089,15,811
4090,15,57
4091,15,413
4092,15,823
4093,15,26
4094,15,645
4095,15,814
4096,15,1042
4097,15,1014
4098,15,645
4099,15,917
4100,15,824
4101,15,645
4102,15,587
4103,15,1014
4104,15,404
4105,15,238
4106,15,819
4107,15,426
4108,15,852
4109,15,1110
4110,15,548
4111,15,547
4112,15,158
4113,15,898
4114,15,1211
4115,15,884
4116,15,649
4117,15,548
4118,15,780
4119,15,645
4120,15,506
4121,15,824
4122,15,548
4123,15,506
4124,15,850
4125,15,1282
4126,15,626
4127,15,817
4128,15,311
4129,15,1282
4130,15,626
4131,15,1157
4132,15,1203
4133,15,819
4134,15,506
4135,15,645
4136,15,404
4137,15,626
4138,15,575
4139,15,898
4140,15,575
4141,15,1282
4142,15,309
4143,15,587
4144,15,309
4145,15,153
4146,15,1010
4147,15,575
4148,15,645
4149,15,153
4150,15,247
4151,15,267
4152,15,356
4153,15,506
4154,15,575
4155,15,943
4156,15,404
4157,15,575
4158,15,329
4159,15,943
4160,15,1010
4161,15,575
4162,15,1031
4163,15,587
4164,15,356
4165,15,310
4166,15,1010
4167,15,1081
4168,15,645
4169,15,587
4170,15,309
4171,15,1279
4172,15,1010
4173,15,587
4174,15,645
4175,15,356
4176,15,76
4177,15,548
4178,15,1010
4179,15,575
4180,15,356
4181,15,247
4182,15,981
4183,15,311
4184,15,645
4185,15,1041
4186,15,575
4187,15,1010
4188,15,548
4189,15,570
4190,15,1030
4191,15,238
4192,15,575
4193,15,819
4194,15,1010
4195,15,1266
4196,15,238
4197,15,587
4198,15,1302
4199,15,1259
4200,15,123
4201,15,1335
4202,15,1010
4203,15,131
4204,15,1010
4205,15,587
4206,15,367
4207,15,608
4208,15,819
4209,15,1010
4210,15,575
4211,15,1302
4212,15,1010
4213,15,1302
4214,15,268
4215,15,575
4216,15,1010
4217,15,552
4218,15,1212
4219,15,1151
4220,15,1010
4221,15,823
4222,15,1070
4223,15,575
4224,15,1070
4225,15,1314
4226,15,774
4227,15,667
4228,15,1010
4229,15,185
4230,15,1259
4231,15,587
4232,15,185
4233,15,1299
4234,15,1335
4235,15,575
4236,15,1010
4237,15,951
4238,15,1010
4239,15,779
4240,15,1010
4241,15,1353
4242,15,147
4243,15,1068
4244,15,1010
4245,15,1335
4246,15,1010
4247,15,1218
4248,15,1010
4249,15,1335
4250,15,1218
4251,15,1199
4252,15,1010
4253,15,980
4254,15,1010
4255,15,1242
4256,15,571
4257,15,1010
4258,15,1332
4259,15,1277
4260,15,1010
4261,15,1353
4262,15,1010
4263,15,521
4264,15,538
4265,15,1010
4266,15,505
4267,15,268
4268,15,1010
4269,15,1274
4270,15,1010
4271,15,179
4272,15,575
4273,15,1010
4274,15,299
4275,15,1122
4276,15,1010
4277,15,575
4278,15,608
4279,15,245
4280,15,1010
4281,15,253
4282,15,477
4283,15,1293
4284,15,268
4285,15,657
4286,15,1122
4287,15,477
4288,15,807
4289,15,298
4290,15,1335
4291,15,1010
4292,15,1115
4293,15,253
4294,15,1277
4295,15,1282
4296,15,1038
4297,15,1325
4298,15,178
4299,15,1010
4300,15,505
4301,15,1306
4302,15,1010
4303,15,575
4304,15,322
4305,15,1282
4306,15,1010
4307,15,500
4308,15,741
4309,15,867
4310,15,1038
4311,15,1010
4312,15,934
4313,15,403
4315,15,587
4316,15,403
4317,15,1010
4318,15,1010
4319,15,817
4320,15,1241
4321,15,182
4322,15,1313
4323,15,1010
4324,15,1360
4325,15,1010
4326,15,287
4327,15,284
4328,15,612
4329,15,1010
4330,15,1116
4331,15,110
4332,15,1010
4333,15,817
4334,15,284
4335,15,1010
4336,15,847
4337,15,1058
4338,15,1010
4339,15,877
4340,15,1010
4341,15,1062
4342,15,1010
4343,15,780
4344,15,1121
4345,15,1314
4346,15,1010
4347,15,185
4348,15,505
4349,15,1337
4350,15,1010
4351,15,706
4352,15,1116
4353,15,1010
4354,15,1214
4355,15,1299
4356,15,817
4357,15,1149
4358,15,903
4359,15,403
4360,15,853
4361,15,1202
4362,15,1010
4363,15,1058
4364,15,524
4365,15,1362
4366,15,979
4368,15,495
4369,15,1010
4370,15,1239
4371,15,853
4372,15,1010
4373,15,1362
4374,15,1010
4375,15,1327
4376,16,1211
4377,16,1166
4378,16,1335
4379,16,1354
4380,16,1241
4381,16,1265
4382,16,1277
4383,16,852
4384,16,975
4385,16,1289
4386,16,1334
4387,16,830
4388,16,1297
4389,16,1326
4390,16,1277
4391,16,975
4392,16,1217
4393,16,1322
4394,16,1277
4395,16,1211
4396,16,1361
4397,16,1265
4398,16,474
4399,16,1290
4400,16,482
4401,16,1318
4402,16,819
4403,16,1277
4404,16,1334
4405,16,650
4406,16,402
4407,16,587
4408,16,1211
4409,16,852
4410,16,587
4411,16,1277
4412,16,1211
4413,16,1315
4414,16,1338
4415,16,975
4416,16,1297
4417,16,1338
4418,16,1010
4419,16,975
4420,16,1290
4421,16,1297
4422,16,1211
4423,16,1290
4424,16,1194
4425,16,1211
4426,16,1265
4427,16,1277
4428,16,975
4429,16,1289
4430,16,1297
4431,16,1335
4432,16,1289
4433,16,975
4434,16,1341
4435,16,1225
4436,16,1290
4437,16,1211
4438,16,1290
4439,16,1315
4440,16,758
4441,16,1240
4442,16,1329
4443,16,1216
4444,16,939
4445,16,1290
4446,16,1277
4447,16,1296
4448,16,917
4449,16,1145
4450,16,1010
4451,16,758
4452,16,587
4453,16,1157
4454,16,1125
4455,16,548
4456,16,1016
4457,16,917
4458,16,1113
4459,16,1240
4460,16,917
4461,16,587
4462,16,1310
4463,16,662
4464,16,819
4465,16,404
4466,16,1240
4467,16,1277
4468,16,819
4469,16,806
4470,16,1225
4471,16,437
4472,16,307
4473,16,1277
4474,16,1010
4475,16,587
4476,16,1012
4477,16,393
4478,16,1010
4479,16,404
4480,16,1240
4481,16,1010
4482,16,587
4483,16,1211
4484,16,1299
4485,16,308
4486,16,649
4487,16,1277
4488,16,1240
4489,16,1211
4490,16,1277
4491,16,1203
4492,16,1284
4493,16,404
4494,16,1277
4495,16,976
4496,16,1277
4497,16,1231
4498,16,1299
4499,16,404
4500,16,1284
4501,16,1282
4502,16,1139
4503,16,1299
4504,16,645
4505,16,1277
4506,16,739
4507,16,587
4508,16,1010
4509,16,1240
4510,16,404
4511,16,267
4512,16,1277
4513,16,1299
4514,16,404
4515,16,1282
4516,16,976
4517,16,1240
4518,16,1284
4519,16,1290
4520,16,760
4521,16,1360
4522,16,1259
4523,16,1299
4524,16,1259
4525,16,1360
4526,16,1299
4527,16,404
4528,16,1211
4529,16,1010
4530,16,1211
4531,16,1299
4532,16,587
4533,16,1190
4534,16,1299
4535,16,582
4536,16,1190
4537,16,1211
4538,16,1259
4539,16,582
4540,16,1299
4541,16,1360
4542,16,310
4543,16,1277
4544,16,1299
4545,16,1301
4546,16,1315
4547,16,1240
4548,16,630
4549,16,267
4550,16,1240
4551,16,1010
4552,16,1259
4553,16,1266
4554,16,1277
4555,16,1010
4556,16,819
4557,16,1360
4558,16,1240
4559,16,1360
4560,16,1299
4561,16,1302
4562,16,268
4563,16,1010
4564,16,1240
4565,16,1205
4566,16,1302
4567,16,1277
4568,16,1315
4569,16,1302
4570,16,1211
4571,16,1315
4572,16,1360
4573,16,1240
4574,16,1277
4575,16,1360
4576,16,817
4577,16,405
4578,16,1277
4579,16,1358
4580,16,405
4581,16,1302
4582,16,1298
4583,16,100
4584,16,819
4585,16,1335
4586,16,1277
4587,16,1277
4588,16,824
4589,16,1302
4590,16,817
4591,16,823
4592,16,1335
4593,16,1228
4594,16,1240
4595,16,1266
4596,16,1360
4597,16,1314
4598,16,1212
4599,16,1282
4600,16,1259
4601,16,405
4602,16,1313
4603,16,649
4604,16,1212
4605,16,1314
4606,16,1266
4607,16,1218
4608,16,1314
4609,16,1360
4610,16,1240
4611,16,1357
4612,16,1229
4613,16,1224
4614,16,1240
4615,16,1224
4616,16,978
4617,16,1332
4618,16,1228
4619,16,1357
4620,16,980
4621,16,1332
4622,16,613
4623,16,1306
4624,16,1010
4625,16,403
4626,16,1218
4627,16,1218
4628,16,179
4629,16,42
4630,16,1190
4631,16,757
4632,16,1360
4633,16,1299
4634,16,1357
4635,16,1325
4636,16,1199
4638,16,1323
4639,16,1241
4640,16,823
4641,16,1314
4642,16,982
4643,16,1204
4644,16,1199
4645,16,754
4646,16,403
4647,16,403
4648,16,982
4649,16,1204
4650,16,403
4651,16,977
4652,16,980
4653,16,1357
4654,16,332
4655,16,1314
4656,16,1241
4657,16,817
4658,16,1215
4659,16,977
4660,16,1360
4661,16,1204
4662,16,267
4663,16,1360
4664,16,698
4665,16,1357
4666,16,1225
4667,16,403
4668,16,977
4669,16,1193
4670,16,1225
4671,16,1323
4672,16,1360
4673,16,332
4674,16,1208
4675,16,977
4676,16,1331
4677,16,1193
4678,16,1314
4679,16,1357
4680,16,1277
4681,16,1208
4682,16,1293
4683,16,1277
4684,16,1314
4685,16,1332
4686,16,982
4687,16,1210
4688,16,1293
4689,16,1277
4690,16,1335
4691,16,1305
4692,16,1277
4693,16,1241
4694,16,979
4695,16,982
4696,16,977
4697,16,1324
4698,16,1209
4699,16,1290
4700,16,1329
4701,16,698
4702,16,1210
4703,16,824
4704,16,1357
4705,16,1010
4706,16,1210
4707,16,1010
4708,16,708
4709,16,1121
4710,16,979
4711,16,1208
4712,16,1357
4713,16,1360
4715,16,975
4716,16,332
4717,16,1210
4718,16,1206
4719,16,403
4720,16,1010
4721,16,1277
4722,16,1311
4723,16,1293
4724,16,1314
4725,16,1345
4726,16,577
4727,16,979
4728,16,1277
4730,16,1210
4731,16,403
4732,16,1287
4733,16,818
4734,16,1197
4735,16,69
4736,16,1287
4737,16,1314
4739,16,772
4740,16,853
4741,17,402
4742,17,1249
4743,17,407
4744,17,852
4745,17,1297
4746,17,1211
4747,17,587
4748,17,1249
4749,17,1241
4750,17,1265
4751,17,1249
4752,17,975
4753,17,402
4754,17,1265
4755,17,1334
4756,17,1312
4757,17,578
4758,17,474
4759,17,1361
4760,17,1217
4761,17,975
4762,17,650
4763,17,1334
4764,17,1361
4765,17,1361
4766,17,1329
4767,17,1211
4768,17,1290
4769,17,1277
4770,17,1016
4771,17,975
4772,17,402
4773,17,122
4774,17,750
4775,17,1329
4776,17,402
4777,17,819
4778,17,1334
4779,17,852
4780,17,1290
4781,17,1265
4782,17,1334
4783,17,1277
4784,17,1194
4785,17,1315
4786,17,1334
4787,17,1297
4788,17,1010
4789,17,852
4790,17,402
4791,17,1194
4792,17,1016
4793,17,1341
4794,17,1211
4795,17,1249
4796,17,1240
4797,17,285
4798,17,1194
4799,17,1249
4800,17,1289
4801,17,1297
4802,17,1277
4803,17,1336
4804,17,402
4805,17,1290
4806,17,1212
4807,17,1341
4808,17,1297
4809,17,1277
4810,17,1289
4811,17,1157
4812,17,582
4813,17,1016
4814,17,1250
4815,17,1211
4816,17,548
4817,17,917
4818,17,1211
4819,17,758
4820,17,1249
4821,17,1225
4822,17,587
4823,17,425
4824,17,404
4825,17,1249
4826,17,548
4827,17,1277
4828,17,1346
4829,17,1277
4830,17,1124
4831,17,819
4832,17,1240
4833,17,852
4834,17,1240
4835,17,393
4836,17,587
4837,17,582
4838,17,1240
4839,17,1315
4840,17,976
4841,17,1211
4842,17,1016
4843,17,506
4844,17,587
4845,17,393
4846,17,1016
4847,17,1225
4848,17,1282
4849,17,649
4851,17,740
4852,17,819
4853,17,898
4854,17,1299
4855,17,1340
4856,17,898
4857,17,1211
4858,17,852
4859,17,1240
4860,17,1010
4861,17,819
4862,17,289
4863,17,1360
4864,17,587
4865,17,76
4866,17,1010
4867,17,266
4868,17,1240
4869,17,1360
4870,17,876
4871,17,1211
4872,17,1299
4873,17,819
4874,17,1282
4875,17,1277
4876,17,1299
4877,17,1211
4878,17,1360
4879,17,976
4880,17,1360
4881,17,1299
4882,17,1277
4883,17,1259
4884,17,819
4885,17,1299
4886,17,1240
4887,17,1360
4888,17,1240
4889,17,1284
4890,17,1299
4891,17,819
4892,17,1360
4893,17,1299
4894,17,1259
4895,17,1360
4896,17,1259
4897,17,1360
4898,17,1259
4899,17,1211
4900,17,1360
4901,17,1315
4902,17,1360
4903,17,1277
4904,17,1211
4905,17,649
4906,17,1211
4907,17,819
4908,17,1360
4909,17,1219
4910,17,1240
4911,17,1266
4912,17,822
4913,17,1360
4914,17,1211
4915,17,1360
4916,17,1277
4917,17,1240
4918,17,1211
4919,17,1299
4920,17,1211
4921,17,1302
4922,17,1259
4923,17,1211
4924,17,1302
4925,17,1315
4926,17,1240
4927,17,1299
4928,17,1360
4929,17,1302
4930,17,1360
4931,17,1211
4932,17,1360
4933,17,1240
4934,17,1277
4935,17,821
4936,17,1298
4937,17,1211
4938,17,1333
4939,17,1298
4940,17,1315
4941,17,1277
4942,17,1360
4943,17,1212
4944,17,1290
4945,17,1360
4946,17,1315
4947,17,1360
4948,17,1333
4949,17,1298
4950,17,1360
4951,17,649
4952,17,1314
4953,17,1240
4954,17,1315
4955,17,1277
4956,17,1360
4957,17,1314
4958,17,1360
4959,17,819
4960,17,1212
4961,17,1010
4962,17,1359
4963,17,1290
4964,17,1277
4965,17,1240
4966,17,1290
4967,17,1360
4968,17,982
4969,17,1299
4970,17,613
4971,17,1335
4972,17,1283
4973,17,1357
4974,17,1286
4975,17,649
4976,17,1360
4977,17,1353
4978,17,1218
4979,17,1360
4980,17,1229
4981,17,1306
4982,17,1224
4983,17,1277
4984,17,824
4985,17,1357
4986,17,1360
4987,17,980
4988,17,823
4989,17,1218
4990,17,1218
4991,17,1199
4992,17,1014
4994,17,1251
4995,17,403
4996,17,801
4997,17,1357
4998,17,980
4999,17,1360
5000,17,477
5001,17,268
5002,17,1241
5003,17,1360
5004,17,980
5005,17,1306
5006,17,1199
5007,17,891
5008,17,1010
5009,17,1300
5010,17,1360
5011,17,1229
5012,17,1314
5013,17,980
5014,17,1300
5015,17,1360
5016,17,1306
5017,17,982
5018,17,1314
5019,17,1208
5020,17,1226
5021,17,1199
5022,17,1360
5023,17,1306
5024,17,982
5025,17,1226
5026,17,982
5027,17,1208
5028,17,1277
5029,17,1226
5030,17,982
5031,17,1241
5032,17,1293
5033,17,1229
5034,17,1360
5035,17,982
5036,17,979
5037,17,1226
5038,17,1190
5039,17,1360
5040,17,484
5041,17,1241
5042,17,1311
5043,17,979
5044,17,1360
5045,17,1311
5046,17,1241
5047,17,1241
5048,17,982
5049,17,1299
5050,17,1311
5051,17,1360
5052,17,1314
5053,17,1241
5054,17,111
5055,17,1314
5056,17,1210
5057,17,747
5058,17,1230
5059,17,1314
5060,17,1277
5061,17,1299
5062,17,1193
5063,17,1314
5064,17,1162
5065,17,1291
5066,17,525
5067,17,218
5068,17,1291
5069,17,1304
5070,17,1360
5071,17,1314
5072,17,1193
5073,17,1210
5074,17,1357
5075,17,938
5076,17,1164
5077,17,1314
5079,17,1064
5080,17,1311
5081,17,1314
5082,17,708
5083,17,1360
5084,17,1208
5085,17,982
5086,17,1192
5087,17,460
5088,17,1293
5089,17,704
5090,17,982
5091,17,1207
5092,17,460
5093,17,1197
5094,17,1241
5095,17,773
5096,17,818
5097,17,460
5098,17,773
5099,17,1238
5100,17,1277
5101,17,1291
5102,17,1277
5103,17,1360
5104,17,1277
5105,17,328
5106,18,1297
5107,18,852
5108,18,1289
5109,18,975
5110,18,1249
5111,18,946
5112,18,1297
5113,18,819
5114,18,1277
5115,18,1249
5116,18,852
5117,18,1289
5118,18,819
5119,18,824
5120,18,1217
5121,18,1289
5122,18,975
5123,18,650
5124,18,1312
5125,18,1361
5126,18,852
5127,18,1322
5128,18,1329
5129,18,975
5130,18,1312
5131,18,1265
5132,18,750
5133,18,1312
5134,18,1322
5135,18,1217
5137,18,975
5138,18,1290
5139,18,1329
5140,18,852
5142,18,237
5143,18,1297
5144,18,1211
5145,18,1346
5146,18,50
5147,18,1265
5148,18,587
5149,18,1297
5150,18,1338
5151,18,975
5152,18,1328
5153,18,1335
5154,18,975
5155,18,238
5156,18,1297
5157,18,1315
5158,18,1315
5159,18,1346
5160,18,1289
5161,18,975
5162,18,1297
5163,18,1315
5164,18,1277
5165,18,1329
5166,18,1335
5167,18,1297
5168,18,972
5169,18,1297
5170,18,1341
5171,18,523
5172,18,1290
5174,18,1240
5175,18,1315
5176,18,1336
5177,18,1290
5178,18,1225
5179,18,1277
5181,18,1240
5182,18,1335
5183,18,923
5184,18,1296
5185,18,654
5186,18,1277
5188,18,1240
5189,18,1277
5190,18,404
5191,18,1225
5192,18,662
5193,18,852
5195,18,1240
5196,18,1016
5197,18,404
5198,18,662
5199,18,582
5200,18,1277
5202,18,1240
5203,18,404
5204,18,1225
5205,18,223
5206,18,649
5207,18,1277
5209,18,1240
5210,18,238
5211,18,1277
5212,18,393
5213,18,1277
5214,18,819
5216,18,1240
5217,18,898
5218,18,1284
5219,18,1016
5220,18,817
5221,18,1240
5223,18,976
5224,18,1211
5225,18,1299
5226,18,898
5227,18,517
5228,18,582
5230,18,1240
5231,18,1277
5232,18,976
5233,18,1282
5234,18,329
5235,18,1203
5237,18,1240
5238,18,1277
5239,18,1299
5240,18,1240
5241,18,976
5242,18,404
5244,18,1240
5245,18,1211
5246,18,1360
5247,18,1360
5248,18,1211
5249,18,1322
5250,18,1211
5251,18,976
5252,18,1211
5253,18,1277
5254,18,1360
5255,18,1211
5256,18,1322
5258,18,1240
5259,18,1299
5260,18,237
5261,18,1240
5262,18,1211
5263,18,575
5264,18,1240
5265,18,1259
5266,18,238
5267,18,1299
5268,18,1360
5269,18,1259
5270,18,645
5271,18,1240
5272,18,1329
5273,18,1315
5274,18,1360
5275,18,1277
5276,18,120
5277,18,575
5278,18,1240
5279,18,649
5280,18,405
5281,18,1299
5282,18,1335
5283,18,1360
5285,18,1240
5286,18,1236
5287,18,924
5288,18,1335
5289,18,1277
5290,18,405
5292,18,1240
5293,18,852
5294,18,1315
5295,18,1240
5296,18,1298
5297,18,1302
5299,18,1240
5301,18,1277
5302,18,1335
5303,18,1211
5304,18,1302
5305,18,1240
5306,18,1290
5307,18,1240
5308,18,221
5309,18,1277
5310,18,1240
5311,18,1266
5313,18,1240
5314,18,941
5315,18,1240
5317,18,1277
5318,18,1266
5320,18,1240
5321,18,1282
5322,18,1277
5323,18,1333
5324,18,1304
5325,18,1240
5326,18,1277
5327,18,1282
5328,18,186
5329,18,1277
5330,18,1314
5331,18,1284
5332,18,1240
5334,18,1240
5335,18,1240
5336,18,1259
5337,18,1240
5338,18,1283
5339,18,1277
5341,18,1240
5342,18,1266
5343,18,1353
5344,18,980
5345,18,1277
5346,18,1317
5348,18,1218
5349,18,649
5350,18,1353
5351,18,1241
5352,18,1218
5353,18,1360
5356,18,1283
5357,18,817
5359,18,544
5360,18,1165
5361,18,477
5362,18,1357
5363,18,259
5364,18,1228
5365,18,1360
5366,18,503
5367,18,1208
5368,18,403
5369,18,1204
5370,18,403
5371,18,1360
5372,18,1357
5373,18,1226
5374,18,1241
5378,18,1357
5379,18,1208
5380,18,268
5381,18,1360
5384,18,1229
5385,18,1277
5386,18,1208
5388,18,403
5391,18,403
5392,18,1277
5393,18,1344
5394,18,1244
5395,18,817
5399,18,1208
5400,18,268
5401,18,1241
5402,18,979
5405,18,1277
5406,18,1208
5408,18,1299
5409,18,979
5412,18,1332
5414,18,1327
5415,18,1277
5416,18,819
5419,18,979
5420,18,1241
5422,18,819
5423,18,1208
5426,18,463
5427,18,300
5428,18,1277
5429,18,1226
5430,18,1210
5433,18,1314
5434,18,1349
5435,18,1277
5436,18,1121
5438,18,706
5439,18,249
5440,18,12
5441,18,1287
5442,18,979
5443,18,707
5444,18,982
5447,18,1277
5448,18,847
5449,18,1291
5451,18,1287
5454,18,687
5455,18,1105
5457,18,740
5458,18,403
5461,18,73
5462,18,1208
5463,18,938
5465,18,920
5469,18,250
5470,19,927
5471,19,975
5472,19,946
5473,19,1133
5474,19,820
5475,19,50
5476,19,50
5477,19,946
5478,19,1133
5479,19,820
5480,19,750
5481,19,713
5482,19,475
5483,19,50
5484,19,750
5485,19,475
5486,19,713
5487,19,50
5488,19,766
5489,19,533
5490,19,750
5491,19,766
5492,19,402
5493,19,50
5495,19,1297
5496,19,753
5497,19,50
5498,19,402
5499,19,819
5500,19,752
5501,19,1087
5502,19,767
5503,19,1133
5504,19,50
5505,19,824
5506,19,50
5507,19,752
5508,19,402
5509,19,1338
5510,19,824
5511,19,1106
5512,19,1133
5513,19,1129
5514,19,50
5515,19,923
5516,19,852
5517,19,1133
5518,19,768
5519,19,50
5520,19,1315
5521,19,923
5522,19,767
5523,19,50
5524,19,424
5525,19,402
5526,19,1016
5527,19,1290
5528,19,939
5529,19,285
5530,19,1211
5531,19,238
5532,19,1212
5533,19,923
5534,19,1289
5535,19,811
5536,19,823
5539,19,948
5540,19,1212
5541,19,874
5542,19,50
5543,19,1083
5546,19,1080
5547,19,916
5548,19,587
5549,19,291
5550,19,1080
5553,19,923
5554,19,587
5555,19,318
5556,19,1080
5557,19,923
5558,19,224
5559,19,852
5560,19,222
5561,19,852
5562,19,587
5563,19,50
5564,19,1083
5567,19,1109
5568,19,819
5569,19,1088
5570,19,341
5571,19,1088
5572,19,1240
5573,19,852
5574,19,817
5575,19,1080
5576,19,311
5577,19,1187
5578,19,1109
5581,19,1088
5582,19,819
5583,19,311
5584,19,1138
5585,19,1010
5588,19,312
5590,19,1022
5591,19,1282
5592,19,1024
5595,19,895
5596,19,755
5597,19,817
5598,19,76
5599,19,515
5602,19,76
5603,19,749
5604,19,582
5605,19,575
5606,19,733
5609,19,582
5610,19,575
5611,19,993
5612,19,1086
5613,19,734
5614,19,1211
5615,19,733
5616,19,858
5617,19,976
5618,19,575
5619,19,515
5620,19,759
5623,19,1024
5624,19,575
5625,19,775
5626,19,267
5627,19,733
5628,19,575
5629,19,405
5630,19,1024
5631,19,267
5632,19,1024
5633,19,516
5635,19,760
5637,19,1177
5638,19,405
5639,19,1081
5640,19,267
5642,19,575
5643,19,311
5644,19,405
5646,19,649
5647,19,222
5648,19,725
5651,19,405
5652,19,237
5653,19,405
5654,19,575
5655,19,77
5657,19,1315
5658,19,224
5659,19,268
5660,19,819
5661,19,50
5662,19,405
5663,19,237
5664,19,1360
5665,19,405
5666,19,740
5667,19,984
5668,19,575
5669,19,405
5670,19,1240
5671,19,1024
5672,19,50
5673,19,351
5674,19,823
5676,19,221
5679,19,405
5680,19,1024
5681,19,895
5682,19,50
5683,19,1138
5686,19,1024
5687,19,1017
5688,19,1015
5689,19,405
5690,19,1335
5691,19,1277
5692,19,859
5693,19,779
5694,19,351
5695,19,1024
5696,19,627
5697,19,224
5700,19,405
5701,19,1136
5702,19,1024
5703,19,822
5704,19,1303
5707,19,859
5709,19,1157
5710,19,1360
5711,19,332
5713,19,224
5714,19,940
5715,19,71
5716,19,332
5717,19,1353
5718,19,50
5720,19,1241
5721,19,1314
5722,19,1024
5723,19,50
5724,19,224
5725,19,453
5726,19,477
5728,19,224
5729,19,403
5730,19,819
5731,19,111
5732,19,940
5733,19,403
5734,19,222
5735,19,268
5736,19,1019
5738,19,332
5739,19,938
5742,19,224
5743,19,403
5744,19,50
5745,19,575
5746,19,112
5748,19,520
5749,19,1116
5750,19,575
5751,19,268
5752,19,575
5753,19,50
5756,19,575
5757,19,1069
5758,19,332
5759,19,464
5760,19,949
5763,19,332
5764,19,817
5765,19,740
5766,19,819
5767,19,949
5770,19,1273
5771,19,770
5772,19,909
5773,19,50
5774,19,1227
5777,19,1189
5778,19,1155
5779,19,74
5780,19,49
5781,19,1115
5784,19,746
5785,19,332
5786,19,110
5787,19,50
5788,19,740
5791,19,332
5792,19,847
5793,19,218
5794,19,227
5795,19,909
5798,19,1111
5799,19,1273
5800,19,1111
5801,19,74
5802,19,979
5803,19,877
5804,19,403
5805,19,99
5806,19,50
5807,19,938
5808,19,877
5809,19,74
5810,19,817
5811,19,48
5812,19,817
5813,19,920
5814,19,48
5815,19,877
5816,19,1314
5819,19,1182
5820,19,773
5821,19,938
5822,19,740
5823,19,50
5826,19,920
5827,19,49
5828,19,422
5829,19,126
5830,19,460
5833,19,1314
5834,19,132
5835,20,1133
5836,20,937
5837,20,50
5838,20,402
5839,20,946
5840,20,824
5841,20,937
5842,20,1211
5843,20,50
5844,20,830
5845,20,1123
5846,20,947
5847,20,918
5848,20,171
5849,20,30
5850,20,1123
5851,20,402
5852,20,750
5853,20,441
5854,20,823
5855,20,50
5856,20,432
5857,20,1297
5858,20,443
5859,20,1249
5860,20,50
5861,20,1129
5862,20,750
5863,20,927
5864,20,1123
5865,20,50
5866,20,1133
5867,20,140
5868,20,753
5869,20,341
5870,20,1129
5871,20,1133
5872,20,50
5873,20,443
5874,20,750
5875,20,1046
5876,20,46
5877,20,1211
5878,20,50
5879,20,402
5880,20,423
5881,20,341
5882,20,341
5883,20,402
5884,20,340
5885,20,423
5886,20,50
5887,20,1123
5888,20,1297
5889,20,923
5890,20,140
5891,20,1211
5892,20,402
5893,20,1004
5894,20,50
5895,20,448
5896,20,1133
5897,20,1006
5898,20,819
5899,20,447
5900,20,50
5901,20,1133
5902,20,1080
5903,20,989
5904,20,587
5905,20,448
5906,20,291
5907,20,26
5908,20,582
5909,20,1080
5910,20,923
5911,20,341
5912,20,823
5913,20,412
5914,20,1125
5915,20,819
5916,20,308
5917,20,1080
5918,20,1080
5919,20,291
5920,20,1113
5921,20,587
5922,20,917
5923,20,223
5924,20,852
5925,20,548
5926,20,307
5927,20,441
5928,20,166
5929,20,996
5930,20,923
5931,20,1088
5932,20,437
5933,20,1133
5934,20,1080
5935,20,437
5936,20,447
5937,20,800
5938,20,852
5939,20,1133
5940,20,917
5941,20,1133
5942,20,824
5943,20,749
5944,20,1010
5945,20,515
5946,20,312
5947,20,441
5948,20,1109
5949,20,749
5950,20,1127
5951,20,441
5952,20,45
5953,20,1157
5954,20,506
5955,20,546
5956,20,1138
5957,20,353
5960,20,506
5961,20,311
5962,20,1123
5963,20,448
5964,20,339
5965,20,582
5966,20,1157
5967,20,1133
5968,20,645
5969,20,352
5970,20,1031
5971,20,340
5974,20,353
5975,20,310
5976,20,823
5977,20,740
5978,20,546
5979,20,309
5980,20,639
5981,20,817
5982,20,309
5983,20,522
5984,20,582
5985,20,575
5988,20,733
5989,20,817
5990,20,582
5991,20,943
5992,20,1139
5993,20,65
5994,20,575
5995,20,819
5996,20,1133
5997,20,645
5998,20,1086
5999,20,267
6000,20,760
6001,20,65
6002,20,446
6003,20,819
6004,20,1026
6005,20,1139
6006,20,50
6007,20,582
6008,20,238
6009,20,50
6010,20,120
6011,20,1024
6012,20,740
6013,20,130
6014,20,405
6015,20,341
6016,20,65
6017,20,267
6018,20,1026
6019,20,829
6020,20,819
6021,20,1335
6023,20,819
6024,20,65
6025,20,120
6026,20,1127
6027,20,224
6028,20,238
6029,20,224
6030,20,1024
6031,20,1070
6032,20,499
6033,20,268
6034,20,1133
6035,20,1211
6036,20,1335
6037,20,819
6038,20,1360
6039,20,206
6040,20,1038
6041,20,1133
6042,20,1228
6043,20,1277
6044,20,1212
6045,20,1360
6046,20,342
6047,20,944
6048,20,649
6049,20,100
6050,20,1302
6051,20,859
6052,20,1138
6053,20,779
6054,20,1024
6055,20,774
6056,20,649
6057,20,1123
6058,20,1133
6059,20,253
6060,20,779
6061,20,253
6062,20,1133
6063,20,1277
6064,20,1024
6065,20,185
6066,20,859
6067,20,343
6068,20,859
6069,20,224
6072,20,268
6073,20,912
6074,20,221
6075,20,860
6076,20,1157
6078,20,254
6079,20,1218
6080,20,1277
6081,20,1123
6082,20,1299
6083,20,268
6084,20,649
6085,20,1283
6086,20,403
6087,20,71
6088,20,438
6089,20,253
6090,20,593
6092,20,1133
6093,20,1133
6094,20,288
6095,20,1038
6096,20,268
6097,20,288
6098,20,1335
6099,20,352
6100,20,1123
6101,20,1183
6102,20,740
6103,20,301
6104,20,819
6106,20,823
6107,20,823
6108,20,343
6109,20,1133
6110,20,694
6112,20,1185
6113,20,50
6114,20,1133
6115,20,980
6116,20,593
6117,20,288
6118,20,1133
6120,20,1180
6121,20,1133
6122,20,49
6123,20,1116
6124,20,694
6125,20,353
6127,20,1180
6128,20,1133
6129,20,6
6130,20,1273
6131,20,1227
6132,20,1355
6133,20,982
6134,20,403
6135,20,877
6136,20,332
6137,20,1133
6138,20,352
6139,20,694
6140,20,877
6141,20,1133
6142,20,403
6143,20,1227
6144,20,1133
6145,20,877
6146,20,332
6147,20,50
6148,20,403
6149,20,70
6150,20,332
6151,20,877
6152,20,403
6153,20,111
6154,20,979
6155,20,817
6157,20,1133
6158,20,330
6159,20,1115
6160,20,50
6161,20,403
6162,20,746
6163,20,708
6164,20,818
6165,20,332
6166,20,920
6167,20,460
6168,20,50
6169,20,403
6170,20,707
6171,20,847
6172,20,728
6173,20,1210
6174,20,824
6175,20,746
6176,20,49
6177,20,1133
6178,20,1121
6179,20,823
6180,20,1133
6181,20,332
6182,20,50
6183,20,773
6184,20,332
6185,20,817
6186,20,1133
6187,20,74
6188,20,1133
6189,20,1287
6190,20,902
6191,20,422
6192,20,16
6193,20,746
6194,20,708
6195,20,979
6196,20,817
6197,20,920
6198,20,403
6199,20,49
6200,21,256
6201,21,1123
6202,21,1129
6203,21,830
6204,21,1127
6205,21,1133
6206,21,1133
6207,21,1127
6208,21,162
6209,21,1211
6210,21,1079
6211,21,162
6212,21,629
6213,21,1211
6214,21,1079
6215,21,1133
6216,21,443
6217,21,1079
6218,21,50
6219,21,424
6220,21,1133
6221,21,1123
6222,21,424
6223,21,75
6224,21,423
6225,21,1010
6226,21,1133
6227,21,1211
6228,21,1297
6229,21,1133
6230,21,442
6231,21,1123
6232,21,423
6233,21,1129
6234,21,1120
6235,21,1133
6236,21,1120
6237,21,440
6238,21,341
6239,21,423
6240,21,439
6241,21,257
6242,21,1129
6243,21,1123
6244,21,1133
6245,21,1127
6246,21,1129
6247,21,440
6248,21,424
6249,21,1133
6250,21,447
6251,21,1290
6252,21,339
6253,21,1133
6254,21,758
6255,21,972
6256,21,939
6257,21,820
6258,21,1127
6259,21,1123
6260,21,1133
6261,21,339
6262,21,291
6263,21,1129
6264,21,1123
6265,21,1005
6266,21,1127
6267,21,341
6268,21,291
6269,21,1133
6270,21,1038
6271,21,443
6272,21,447
6273,21,1131
6274,21,1133
6275,21,917
6276,21,1123
6277,21,449
6278,21,423
6279,21,1036
6280,21,426
6281,21,1038
6282,21,1080
6283,21,817
6284,21,1109
6285,21,291
6286,21,339
6287,21,1127
6288,21,1133
6289,21,449
6290,21,1133
6291,21,156
6292,21,449
6293,21,824
6294,21,340
6296,21,1075
6297,21,1127
6298,21,341
6299,21,437
6300,21,166
6301,21,999
6302,21,441
6303,21,1133
6304,21,341
6305,21,1123
6306,21,1126
6307,21,441
6308,21,1133
6309,21,824
6310,21,1187
6311,21,437
6312,21,447
6313,21,506
6314,21,341
6315,21,1138
6316,21,441
6317,21,819
6318,21,506
6319,21,449
6320,21,341
6321,21,1133
6322,21,1107
6323,21,1133
6324,21,340
6325,21,1127
6326,21,339
6327,21,1133
6328,21,546
6329,21,353
6330,21,449
6331,21,1126
6332,21,1126
6333,21,441
6334,21,1123
6335,21,353
6337,21,1126
6338,21,1126
6339,21,1129
6340,21,1139
6341,21,546
6342,21,1128
6343,21,341
6344,21,309
6345,21,1127
6346,21,1174
6347,21,582
6348,21,1138
6349,21,639
6350,21,339
6351,21,582
6352,21,516
6353,21,582
6354,21,341
6355,21,1138
6356,21,1123
6357,21,353
6358,21,759
6359,21,994
6360,21,1138
6361,21,444
6362,21,582
6363,21,760
6364,21,351
6365,21,1127
6366,21,65
6367,21,1138
6368,21,943
6369,21,351
6370,21,120
6371,21,341
6372,21,582
6373,21,65
6374,21,1133
6375,21,1211
6376,21,65
6377,21,926
6378,21,339
6379,21,65
6380,21,339
6381,21,1123
6382,21,1133
6383,21,1127
6384,21,342
6385,21,1123
6386,21,1211
6387,21,548
6388,21,444
6389,21,1129
6390,21,1123
6391,21,1133
6392,21,943
6393,21,1335
6394,21,1123
6395,21,1133
6396,21,1123
6397,21,1138
6398,21,760
6399,21,444
6400,21,1211
6401,21,342
6402,21,1133
6403,21,1128
6404,21,1133
6405,21,1126
6406,21,253
6407,21,1010
6408,21,608
6409,21,118
6410,21,860
6411,21,1119
6412,21,1133
6413,21,342
6414,21,117
6415,21,1138
6416,21,342
6417,21,1123
6418,21,1133
6419,21,344
6420,21,1126
6421,21,120
6422,21,342
6423,21,824
6424,21,342
6425,21,1129
6426,21,1123
6427,21,859
6428,21,1129
6429,21,1133
6430,21,1127
6431,21,1123
6432,21,1228
6433,21,1127
6434,21,1132
6435,21,1229
6436,21,1283
6437,21,565
6438,21,824
6439,21,1283
6440,21,1298
6441,21,912
6442,21,1218
6443,21,1123
6444,21,1133
6445,21,1218
6446,21,1357
6447,21,344
6448,21,441
6449,21,1353
6450,21,1357
6451,21,823
6452,21,1126
6453,21,342
6454,21,856
6455,21,1123
6456,21,353
6457,21,342
6458,21,982
6459,21,1123
6460,21,1127
6461,21,978
6462,21,1128
6463,21,856
6464,21,1126
6465,21,342
6466,21,1128
6467,21,978
6468,21,982
6469,21,288
6470,21,703
6471,21,1123
6472,21,707
6473,21,1123
6474,21,823
6475,21,1127
6476,21,817
6478,21,1126
6479,21,824
6480,21,1127
6481,21,700
6482,21,342
6483,21,1123
6484,21,1314
6485,21,699
6486,21,1128
6487,21,119
6488,21,342
6489,21,823
6490,21,699
6491,21,979
6492,21,1123
6493,21,344
6494,21,353
6495,21,1133
6496,21,698
6497,21,823
6498,21,982
6499,21,1227
6500,21,817
6501,21,695
6502,21,344
6503,21,1123
6504,21,1128
6505,21,1123
6506,21,696
6507,21,823
6508,21,1127
6509,21,823
6510,21,1127
6511,21,1123
6512,21,111
6513,21,343
6514,21,111
6515,21,1128
6516,21,1133
6517,21,1123
6518,21,680
6519,21,1127
6520,21,1123
6521,21,824
6522,21,1126
6523,21,403
6524,21,1123
6525,21,1115
6526,21,403
6527,21,746
6528,21,403
6529,21,1046
6530,21,847
6531,21,818
6532,21,1123
6533,21,1127
6534,21,1133
6535,21,332
6536,21,1123
6537,21,1133
6538,21,1126
6539,21,403
6540,21,746
6541,21,847
6542,21,1127
6543,21,704
6544,21,1123
6545,21,1126
6546,21,1123
6547,21,1123
6548,21,823
6549,21,50
6550,21,1126
6551,21,403
6552,21,1123
6553,21,1316
6554,21,824
6555,21,50
6556,21,1127
6557,21,403
6558,21,1133
6559,21,332
6561,21,706
6562,21,746
6563,21,1133
6564,21,1123
6565,22,1046
6566,22,1129
6567,22,162
6568,22,30
6569,22,927
6570,22,830
6571,22,162
6572,22,256
6573,22,1046
6574,22,1129
6575,22,171
6576,22,1127
6577,22,50
6578,22,1133
6579,22,1127
6580,22,533
6581,22,171
6582,22,475
6583,22,927
6584,22,1129
6585,22,441
6586,22,823
6587,22,280
6588,22,1211
6589,22,1127
6590,22,1133
6591,22,75
6592,22,824
6593,22,820
6594,22,1127
6595,22,439
6596,22,341
6597,22,1129
6598,22,423
6599,22,1133
6600,22,256
6601,22,441
6602,22,424
6603,22,1123
6604,22,1129
6605,22,440
6606,22,440
6607,22,92
6608,22,402
6609,22,447
6610,22,823
6611,22,439
6612,22,424
6613,22,1133
6614,22,1127
6615,22,443
6616,22,424
6617,22,824
6618,22,1129
6619,22,824
6620,22,587
6621,22,824
6622,22,917
6623,22,1133
6624,22,424
6625,22,443
6626,22,1123
6627,22,449
6628,22,339
6629,22,1129
6630,22,913
6631,22,1123
6632,22,443
6633,22,1123
6634,22,44
6635,22,1123
6636,22,339
6637,22,1038
6638,22,926
6639,22,424
6640,22,339
6641,22,44
6642,22,291
6643,22,917
6644,22,424
6645,22,916
6646,22,548
6647,22,548
6648,22,44
6649,22,423
6650,22,166
6651,22,1034
6652,22,448
6653,22,341
6654,22,1126
6655,22,1127
6656,22,339
6657,22,1123
6658,22,307
6659,22,1123
6660,22,1127
6661,22,1075
6662,22,449
6663,22,1123
6664,22,1126
6665,22,420
6666,22,1129
6667,22,1123
6668,22,339
6669,22,1126
6670,22,443
6671,22,1110
6672,22,341
6673,22,1126
6674,22,1109
6675,22,1187
6676,22,341
6677,22,515
6678,22,443
6679,22,1127
6680,22,396
6681,22,415
6682,22,819
6683,22,443
6684,22,1139
6685,22,1123
6686,22,45
6687,22,1127
6688,22,76
6689,22,1126
6690,22,1139
6691,22,437
6692,22,1129
6693,22,441
6694,22,441
6695,22,1126
6696,22,1139
6697,22,341
6698,22,449
6699,22,1139
6700,22,1126
6701,22,76
6702,22,1123
6703,22,1126
6704,22,339
6705,22,1127
6706,22,253
6707,22,76
6708,22,582
6709,22,1138
6710,22,76
6711,22,639
6712,22,943
6713,22,546
6714,22,733
6715,22,1139
6716,22,351
6717,22,1127
6718,22,1139
6719,22,943
6720,22,352
6721,22,759
6722,22,1127
6723,22,759
6724,22,1127
6725,22,1133
6726,22,351
6727,22,1138
6728,22,341
6729,22,760
6730,22,1138
6731,22,341
6732,22,548
6733,22,340
6734,22,548
6735,22,1177
6736,22,943
6737,22,759
6738,22,943
6739,22,548
6740,22,819
6741,22,943
6742,22,759
6743,22,120
6744,22,444
6745,22,1133
6746,22,444
6747,22,546
6748,22,1123
6749,22,759
6750,22,221
6751,22,760
6752,22,120
6753,22,1133
6754,22,1024
6755,22,344
6756,22,759
6757,22,356
6758,22,759
6759,22,356
6760,22,353
6761,22,943
6762,22,1126
6763,22,1123
6764,22,759
6765,22,1128
6766,22,243
6767,22,444
6768,22,1123
6769,22,342
6770,22,1123
6771,22,859
6772,22,1360
6773,22,117
6774,22,859
6775,22,941
6776,22,1126
6777,22,351
6778,22,419
6779,22,1133
6780,22,1127
6781,22,824
6782,22,74
6783,22,1126
6784,22,1123
6785,22,859
6786,22,1123
6787,22,1127
6788,22,445
6789,22,859
6790,22,1123
6791,22,343
6792,22,1123
6793,22,1128
6794,22,1133
6795,22,823
6796,22,982
6797,22,1133
6798,22,1123
6799,22,823
6800,22,740
6801,22,1129
6802,22,1277
6803,22,1283
6804,22,819
6805,22,1218
6806,22,398
6807,22,1357
6808,22,353
6809,22,446
6810,22,1306
6811,22,823
6812,22,1277
6813,22,352
6814,22,1123
6815,22,351
6816,22,980
6817,22,342
6818,22,1123
6819,22,819
6820,22,908
6821,22,1127
6822,22,824
6823,22,1127
6824,22,342
6825,22,980
6826,22,823
6827,22,1123
6828,22,982
6829,22,1123
6830,22,288
6831,22,980
6832,22,856
6833,22,823
6834,22,1175
6835,22,1128
6836,22,353
6837,22,1127
6838,22,458
6839,22,1175
6840,22,288
6841,22,1123
6842,22,342
6843,22,1123
6844,22,445
6845,22,288
6846,22,1123
6847,22,1128
6848,22,1115
6849,22,1127
6850,22,823
6851,22,817
6852,22,419
6853,22,459
6854,22,1123
6855,22,1126
6856,22,1008
6857,22,49
6858,22,699
6859,22,1123
6860,22,48
6861,22,133
6862,22,1277
6863,22,699
6864,22,696
6865,22,982
6866,22,119
6867,22,110
6868,22,823
6869,22,343
6870,22,823
6871,22,48
6872,22,700
6873,22,1123
6874,22,342
6875,22,111
6876,22,351
6877,22,699
6878,22,1128
6879,22,823
6880,22,1123
6881,22,351
6882,22,1128
6883,22,1133
6884,22,353
6885,22,1133
6886,22,824
6888,22,823
6889,22,342
6890,22,1133
6891,22,1293
6892,22,1133
6893,22,1013
6894,22,403
6895,22,705
6896,22,403
6897,22,1127
6898,22,343
6899,22,1123
6900,22,119
6901,22,824
6902,22,1134
6903,22,1121
6904,22,1123
6905,22,1127
6906,22,403
6907,22,728
6908,22,434
6909,22,118
6910,22,403
6911,22,1127
6912,22,710
6913,22,1133
6914,22,1123
6915,22,705
6916,22,823
6917,22,1126
6918,22,726
6919,22,746
6920,22,729
6921,22,1133
6922,22,1316
6923,22,773
6924,22,50
6925,22,403
6926,22,1210
6927,22,823
6928,22,979
6930,23,162
6931,23,830
6932,23,30
6933,23,1046
6934,23,1099
6935,23,256
6936,23,1046
6937,23,830
6938,23,1079
6939,23,256
6940,23,424
6941,23,533
6942,23,82
6943,23,256
6944,23,424
6945,23,162
6946,23,927
6947,23,30
6948,23,4
6949,23,390
6950,23,424
6951,23,402
6952,23,830
6953,23,750
6954,23,753
6955,23,140
6956,23,256
6957,23,927
6958,23,750
6959,23,424
6960,23,753
6961,23,750
6962,23,256
6963,23,140
6964,23,830
6965,23,341
6966,23,1123
6967,23,256
6968,23,718
6969,23,852
6970,23,753
6971,23,449
6972,23,256
6973,23,92
6974,23,341
6975,23,50
6976,23,923
6977,23,447
6978,23,92
6979,23,402
6980,23,341
6981,23,92
6982,23,1123
6983,23,449
6984,23,291
6985,23,913
6986,23,339
6987,23,50
6988,23,447
6989,23,285
6990,23,917
6991,23,915
6992,23,50
6993,23,939
6994,23,1289
6995,23,548
6996,23,917
6997,23,582
6998,23,50
6999,23,24
7000,23,1133
7001,23,1123
7002,23,1042
7003,23,424
7004,23,291
7005,23,1127
7006,23,1036
7007,23,402
7008,23,1292
7009,23,1038
7010,23,1110
7011,23,459
7012,23,424
7013,23,1075
7014,23,823
7015,23,423
7016,23,730
7017,23,1123
7018,23,1129
7019,23,449
7020,23,1127
7021,23,1075
7022,23,1127
7023,23,109
7024,23,448
7025,23,1126
7026,23,917
7027,23,50
7028,23,349
7029,23,441
7030,23,1133
7031,23,917
7032,23,1127
7033,23,1187
7034,23,819
7035,23,449
7036,23,1123
7038,23,1113
7039,23,1127
7040,23,1109
7042,23,404
7043,23,1133
7044,23,28
7045,23,506
7046,23,1126
7047,23,1117
7049,23,1126
7050,23,449
7051,23,426
7052,23,442
7053,23,1113
7054,23,546
7055,23,76
7056,23,645
7057,23,426
7058,23,1139
7059,23,1123
7060,23,1133
7061,23,1031
7062,23,423
7063,23,253
7064,23,1133
7066,23,76
7067,23,1139
7068,23,683
7069,23,404
7070,23,1177
7071,23,309
7072,23,1138
7073,23,1126
7074,23,43
7075,23,76
7077,23,65
7078,23,76
7080,23,760
7081,23,341
7082,23,546
7083,23,96
7085,23,341
7086,23,943
7087,23,309
7088,23,1123
7089,23,943
7090,23,65
7091,23,926
7094,23,1133
7095,23,120
7096,23,65
7098,23,1126
7099,23,548
7100,23,89
7101,23,760
7102,23,1126
7103,23,725
7104,23,295
7105,23,926
7106,23,645
7108,23,1126
7109,23,120
7110,23,1127
7111,23,353
7112,23,96
7113,23,1133
7115,23,1133
7116,23,1129
7117,23,1138
7118,23,546
7119,23,351
7120,23,65
7121,23,1023
7122,23,342
7123,23,1126
7124,23,131
7125,23,428
7126,23,343
7127,23,96
7128,23,516
7129,23,1123
7130,23,1128
7131,23,459
7132,23,859
7133,23,117
7134,23,3
7136,23,1128
7137,23,3
7138,23,65
7139,23,779
7140,23,253
7141,23,860
7143,23,1133
7144,23,1123
7145,23,419
7146,23,117
7147,23,859
7148,23,459
7149,23,351
7150,23,774
7151,23,649
7152,23,117
7153,23,165
7154,23,436
7155,23,88
7157,23,351
7158,23,1123
7159,23,342
7160,23,353
7161,23,782
7162,23,1122
7164,23,1123
7165,23,1133
7166,23,54
7167,23,1286
7168,23,399
7169,23,1157
7170,23,640
7171,23,342
7172,23,761
7173,23,459
7174,23,115
7175,23,1251
7176,23,1165
7178,23,824
7179,23,762
7180,23,1353
7181,23,1133
7182,23,608
7183,23,1083
7184,23,0
7185,23,978
7186,23,1123
7187,23,458
7189,23,351
7190,23,1133
7192,23,446
7193,23,333
7194,23,452
7195,23,42
7196,23,115
7199,23,980
7200,23,403
7202,23,856
7203,23,538
7204,23,42
7206,23,353
7207,23,608
7208,23,856
7209,23,1186
7210,23,351
7211,23,410
7213,23,342
7214,23,119
7216,23,695
7217,23,469
7220,23,446
7221,23,180
7222,23,856
7223,23,986
7224,23,403
7225,23,228
7227,23,119
7228,23,300
7229,23,987
7230,23,115
7231,23,698
7232,23,3
7235,23,119
7236,23,410
7237,23,119
7238,23,486
7242,23,0
7244,23,134
7246,23,1013
7249,23,698
7250,23,1046
7251,23,771
7252,23,726
7256,23,50
7258,23,631
7259,23,1013
7260,23,125
7261,23,0
7262,23,631
7263,23,728
7264,23,817
7265,23,434
7270,23,823
7271,23,556
7272,23,773
7273,23,342
7274,23,173
7277,23,119
7278,23,458
7280,23,728
7281,23,763
7284,23,773
7285,23,726
7288,23,979
7291,23,458
7292,23,920
7293,23,818
