,index,NEW상품코드
0,0,30
1,0,865
2,0,256
3,0,489
4,0,402
5,0,476
6,0,1099
7,0,530
8,0,402
9,0,140
10,0,533
11,0,753
12,0,280
13,0,140
14,0,402
15,0,713
16,0,530
17,0,830
18,0,533
19,0,753
20,0,753
21,0,635
22,0,717
23,0,140
24,0,256
25,0,767
26,0,642
27,0,718
28,0,140
29,0,402
30,1,162
31,1,718
32,1,830
33,1,1106
34,1,767
35,1,750
36,1,717
37,1,92
38,1,752
39,1,830
40,1,257
41,1,402
42,1,830
43,1,766
44,1,1106
45,1,5
46,1,1046
47,1,830
48,1,280
49,1,257
50,1,46
51,1,285
52,1,917
53,1,811
54,1,257
55,1,256
56,1,282
57,1,948
58,2,341
59,2,26
60,2,1042
61,2,923
62,2,280
63,2,917
64,2,913
65,2,1220
66,2,830
67,2,1038
68,2,459
69,2,1036
70,2,424
71,2,44
72,2,1080
73,2,1036
74,2,50
75,2,873
76,2,459
77,2,424
78,2,874
79,2,1113
80,2,1279
81,2,494
82,2,874
83,2,443
84,3,532
85,3,1125
86,3,730
87,3,532
88,3,458
89,3,828
90,3,341
91,3,828
92,3,1187
93,3,1109
94,3,458
95,3,1187
96,3,1109
97,3,350
98,3,459
99,3,1113
100,3,341
101,3,1088
102,3,1022
103,3,45
104,3,1022
105,3,1022
106,3,45
107,4,869
108,4,1133
109,4,575
110,4,734
111,4,1113
112,4,1090
113,4,459
114,4,1279
115,4,869
116,4,1138
117,4,992
118,4,1123
119,4,935
120,4,734
121,4,7
122,4,239
123,4,1177
124,4,153
125,4,639
126,4,858
127,4,1178
128,4,1086
129,4,1173
130,4,1090
131,4,96
132,5,990
133,5,926
134,5,90
135,5,963
136,5,828
137,5,413
138,5,309
139,5,548
140,5,683
141,5,1177
142,5,96
143,5,1090
144,5,639
145,5,1024
146,5,1090
147,5,50
148,5,89
149,5,725
150,5,1170
151,5,548
152,5,926
153,5,1236
154,5,963
155,5,10
156,5,411
157,5,309
158,6,829
159,6,926
160,6,120
161,6,413
162,6,733
163,6,516
164,6,553
165,6,96
166,6,3
167,6,829
168,6,146
169,6,926
170,6,1140
171,6,313
172,6,225
173,6,735
174,6,106
175,6,749
176,6,225
177,6,924
178,6,65
179,6,516
180,6,649
181,6,733
182,6,3
183,6,598
184,6,286
185,7,450
186,7,65
187,7,1191
188,7,353
189,7,165
190,7,779
191,7,649
192,7,9
193,7,1133
194,7,459
195,7,92
196,7,514
197,7,639
198,7,161
199,7,575
200,7,1157
201,7,1351
202,7,610
203,7,505
204,7,1027
205,7,163
206,7,115
207,8,0
208,8,102
209,8,629
210,8,178
211,8,143
212,8,856
213,8,693
214,8,90
215,8,399
216,8,539
217,8,255
218,8,181
219,8,575
220,8,3
221,8,290
222,8,1082
223,8,1183
224,8,3
225,8,619
226,8,0
227,8,908
228,8,608
229,9,878
230,9,347
231,9,255
232,9,1290
233,9,1184
234,9,42
235,9,945
236,9,904
237,9,1028
238,9,290
239,9,608
240,9,255
241,9,408
242,9,832
243,9,888
244,9,296
245,9,1093
246,9,155
247,9,136
248,9,608
249,10,1044
250,10,347
251,10,287
252,10,67
253,10,435
254,10,458
255,10,603
256,10,1044
257,10,608
258,10,118
259,10,744
260,10,435
261,10,141
262,10,608
263,11,459
264,11,403
265,11,1046
266,11,409
267,11,458
268,11,351
269,11,1253
270,11,651
271,11,737
272,11,1290
273,11,157
274,11,1039
275,11,1223
276,11,65
277,11,652
278,12,140
279,12,928
280,12,322
281,12,4
282,12,1348
283,12,84
284,12,928
285,12,4
286,12,140
287,12,255
288,12,30
289,12,5
290,12,1326
291,12,530
292,12,862
293,12,462
294,12,5
295,12,718
296,12,46
297,12,489
298,12,462
299,12,530
300,12,46
301,12,5
302,12,92
303,12,30
304,12,611
305,12,5
306,12,530
307,12,46
308,13,5
309,13,4
310,13,717
311,13,137
312,13,530
313,13,611
314,13,46
315,13,947
316,13,137
317,13,766
318,13,5
319,13,766
320,13,1106
321,13,81
322,13,766
323,13,611
324,13,923
325,13,5
326,13,5
327,13,923
328,13,659
329,13,462
330,13,915
331,13,718
332,13,766
333,13,915
334,13,718
335,13,137
336,14,1106
337,14,766
338,14,1220
339,14,257
340,14,385
341,14,919
342,14,718
343,14,611
344,14,26
345,14,873
346,14,27
347,14,1033
348,14,653
349,14,140
350,14,1292
351,14,926
352,14,742
353,14,1083
354,14,282
355,14,4
356,14,875
357,14,1075
358,14,20
359,14,806
360,14,1221
361,14,1
362,14,1222
363,14,404
364,15,308
365,15,458
366,15,1
367,15,1221
368,15,919
369,15,642
370,15,459
371,15,109
372,15,459
373,15,104
374,15,1222
375,15,1221
376,15,806
377,15,1123
378,15,1222
379,15,1
380,15,852
381,15,635
382,15,913
383,15,1109
384,15,1113
385,15,1002
386,15,852
387,15,869
388,15,515
389,15,1290
390,15,1024
391,15,1022
392,16,483
393,16,329
394,16,1321
395,16,645
396,16,936
397,16,359
398,16,1022
399,16,1234
400,16,641
401,16,575
402,16,1168
403,16,863
404,16,828
405,16,935
406,16,734
407,16,279
408,16,641
409,16,815
410,16,513
411,16,1170
412,16,144
413,16,1024
414,16,90
415,16,733
416,16,490
417,16,926
418,17,240
419,17,992
420,17,1090
421,17,806
422,17,459
423,17,776
424,17,858
425,17,96
426,17,1086
427,17,775
428,17,1236
429,17,78
430,17,120
431,17,1177
432,17,1026
433,17,1024
434,17,120
435,17,1236
436,17,295
437,17,857
438,17,413
439,17,516
440,17,96
441,17,1289
442,17,1147
443,17,803
444,17,872
445,17,96
446,18,405
447,18,1024
448,18,1170
449,18,926
450,18,3
451,18,1335
452,18,220
453,18,640
454,18,1236
455,18,1023
456,18,676
457,18,96
458,18,459
459,18,516
460,18,3
461,18,1084
462,18,1170
463,18,41
464,18,459
465,18,3
466,18,553
467,18,943
468,18,1055
469,18,900
470,18,1084
471,18,721
472,18,522
473,18,96
474,18,1284
475,18,417
476,19,1021
477,19,490
478,19,1071
479,19,92
480,19,2
481,19,779
482,19,206
483,19,329
484,19,165
485,19,1259
486,19,115
487,19,165
488,19,490
489,19,141
490,19,459
491,19,513
492,19,1086
493,19,450
494,19,1151
495,19,684
496,19,490
497,19,619
498,19,809
499,19,912
500,19,610
501,19,143
502,19,147
503,19,295
504,19,610
505,19,92
506,20,906
507,20,1236
508,20,1225
509,20,538
510,20,120
511,20,3
512,20,361
513,20,143
514,20,255
515,20,163
516,20,401
517,20,324
518,20,619
519,20,91
520,20,91
521,20,363
522,20,1047
523,20,1223
524,20,1225
525,20,163
526,20,932
527,20,1351
528,20,149
529,20,255
530,20,575
531,20,324
532,20,401
533,21,290
534,21,608
535,21,807
536,21,91
537,21,609
538,21,1282
539,21,1038
540,21,255
541,21,0
542,21,412
543,21,64
544,21,161
545,21,1082
546,21,136
547,21,1236
548,21,3
549,21,1290
550,21,1223
551,21,608
552,21,732
553,21,118
554,21,505
555,21,1290
556,21,141
557,21,403
558,21,1355
559,21,711
560,22,272
561,22,97
562,22,543
563,22,537
564,22,3
565,22,375
566,22,325
567,22,724
568,22,1290
569,22,1045
570,22,470
571,22,543
572,22,683
573,22,463
574,22,284
575,22,1290
576,22,479
577,22,638
578,22,1350
579,22,287
580,22,773
581,22,543
582,22,1288
583,22,856
584,22,1350
585,22,576
586,22,1342
587,22,1290
588,23,628
589,23,773
590,23,651
591,23,124
592,23,524
593,23,773
594,23,624
595,23,287
596,23,128
597,23,1028
598,23,543
599,23,1350
600,23,1076
601,23,1101
602,23,1058
603,23,1046
604,23,1077
605,23,1253
606,23,1028
607,23,914
608,23,974
609,23,781
610,23,651
611,23,1074
612,23,1276
613,23,1258
614,23,1290
615,23,543
616,23,780
617,23,174
618,24,865
619,24,322
620,24,597
621,24,1328
622,24,481
623,24,742
624,24,139
625,24,481
626,24,378
627,24,269
628,24,573
629,24,390
630,24,861
631,24,1254
632,24,1328
633,24,813
634,24,121
635,24,283
636,24,269
637,24,1037
638,24,741
639,24,386
640,24,1328
641,24,836
642,24,816
643,24,81
644,24,59
645,24,836
646,24,644
647,24,813
648,24,1263
649,25,601
650,25,255
651,25,607
652,25,1328
653,25,836
654,25,1347
655,25,845
656,25,899
657,25,378
658,25,72
659,25,1347
660,25,72
661,25,518
662,25,607
663,25,59
664,25,217
665,25,269
666,25,40
667,25,391
668,25,845
669,25,607
670,25,780
671,25,899
672,25,269
673,25,1263
674,25,386
675,25,1328
676,25,40
677,26,461
678,26,377
679,26,899
680,26,743
681,26,975
682,26,1263
683,26,1281
684,26,780
685,26,81
686,26,323
687,26,1347
688,26,40
689,26,602
690,26,1263
691,26,548
692,26,461
693,26,545
694,26,159
695,26,40
696,26,636
697,26,81
698,26,542
699,26,806
700,26,1263
701,26,159
702,26,542
703,26,973
704,26,741
705,26,255
706,26,461
707,27,255
708,27,1263
709,27,604
710,27,418
711,27,604
712,27,764
713,27,1248
714,27,461
715,27,255
716,27,741
717,27,273
718,27,973
719,27,884
720,27,1267
721,27,255
722,27,497
723,27,158
724,27,1263
725,27,501
726,27,1022
727,27,1320
728,27,1157
729,27,810
730,27,232
731,27,8
732,27,1167
733,27,394
734,27,8
735,27,109
736,27,8
737,28,1320
738,28,273
739,28,384
740,28,898
741,28,34
742,28,122
743,28,575
744,28,325
745,28,850
746,28,394
747,28,396
748,28,511
749,28,837
750,28,34
751,28,575
752,28,32
753,28,780
754,28,1174
755,28,739
756,28,122
757,28,160
758,28,487
759,28,780
760,28,579
761,28,1081
762,28,1011
763,28,522
764,28,62
765,28,1234
766,28,273
767,28,384
768,29,514
769,29,626
770,29,1269
771,29,1081
772,29,122
773,29,1234
774,29,803
775,29,1011
776,29,627
777,29,803
778,29,1011
779,29,394
780,29,32
781,29,655
782,29,248
783,29,397
784,29,738
785,29,483
786,29,1307
787,29,803
788,29,839
789,29,389
790,29,553
791,29,483
792,29,1279
793,29,850
794,29,640
795,29,387
796,29,598
797,29,123
798,30,598
799,30,483
800,30,1021
801,30,507
802,30,850
803,30,278
804,30,1235
805,30,1057
806,30,627
807,30,1235
808,30,553
809,30,1153
810,30,626
811,30,389
812,30,625
813,30,1071
814,30,1073
815,30,540
816,30,1246
817,30,779
818,30,850
819,30,1151
820,30,625
821,30,63
822,30,291
823,30,74
824,30,356
825,30,144
826,30,286
827,30,693
828,31,1358
829,31,1153
830,31,621
831,31,840
832,31,1246
833,31,329
834,31,392
835,31,693
836,31,254
837,31,508
838,31,1235
839,31,499
840,31,1246
841,31,912
842,31,1153
843,31,1070
844,31,627
845,31,257
846,31,1040
847,31,123
848,31,908
849,31,677
850,31,907
851,31,1157
852,31,141
853,31,95
854,31,906
855,31,912
856,31,1146
857,31,141
858,31,1083
859,32,273
860,32,896
861,32,619
862,32,544
863,32,14
864,32,1199
865,32,744
866,32,715
867,32,809
868,32,1235
869,32,400
870,32,259
871,32,715
872,32,255
873,32,1157
874,32,907
875,32,257
876,32,1233
877,32,1234
878,32,745
879,32,1083
880,32,101
881,32,1234
882,32,1362
883,32,906
884,32,933
885,32,1083
886,32,715
887,32,915
888,33,754
889,33,1160
890,33,116
891,33,1263
892,33,465
893,33,690
894,33,807
895,33,698
896,33,804
897,33,1308
898,33,945
899,33,1362
900,33,841
901,33,1149
902,33,856
903,33,745
904,33,638
905,33,608
906,33,1160
907,33,716
908,33,915
909,33,463
910,33,1256
911,33,808
912,33,484
913,33,1362
914,33,141
915,33,486
916,33,1258
917,33,322
918,33,141
919,34,856
920,34,1276
921,34,1363
922,34,379
923,34,638
924,34,484
925,34,781
926,34,843
927,34,172
928,34,915
929,34,956
930,34,1276
931,34,124
932,34,486
933,34,674
934,34,1059
935,34,484
936,34,841
937,34,484
938,34,781
939,34,486
940,34,719
941,34,746
942,34,1058
943,34,141
944,34,1058
945,34,13
946,34,484
947,34,468
948,34,1058
949,35,292
950,35,719
951,35,306
952,35,79
953,35,844
954,35,1158
955,35,79
956,35,292
957,35,838
958,35,21
959,35,805
960,35,1074
961,35,1144
962,35,305
963,35,687
964,35,12
965,35,1258
966,35,21
967,35,1235
968,35,838
969,35,304
970,35,543
971,35,250
972,35,79
973,35,609
974,35,842
975,35,687
976,35,292
977,35,637
978,35,838
979,36,632
980,36,741
981,36,747
982,36,780
983,36,535
984,36,255
985,36,607
986,36,241
987,36,741
988,36,241
989,36,861
990,36,813
991,36,713
992,36,813
993,36,4
994,36,402
995,36,855
996,36,1356
997,36,386
998,36,274
999,36,1010
1000,36,164
1001,36,813
1002,36,274
1003,36,377
1004,36,1356
1005,36,1087
1006,36,831
1007,36,81
1008,36,92
1009,36,1328
1010,37,611
1011,37,137
1012,37,547
1013,37,81
1014,37,1152
1015,37,1087
1016,37,81
1017,37,378
1018,37,547
1019,37,274
1020,37,836
1021,37,386
1022,37,659
1023,37,461
1024,37,1148
1025,37,668
1026,37,1148
1027,37,1263
1028,37,758
1029,37,274
1030,37,850
1031,37,323
1032,37,523
1033,37,274
1034,37,123
1035,37,1235
1036,37,636
1037,37,836
1038,38,811
1039,38,636
1040,38,24
1041,38,834
1042,38,1010
1043,38,572
1044,38,659
1045,38,604
1046,38,1157
1047,38,1034
1048,38,402
1049,38,604
1050,38,1235
1051,38,81
1052,38,413
1053,38,642
1054,38,1235
1055,38,1235
1056,38,27
1057,38,780
1058,38,413
1059,38,494
1060,38,740
1061,38,1034
1062,38,1157
1063,38,83
1064,38,642
1065,38,40
1066,38,806
1067,38,1125
1068,38,1080
1069,39,1157
1070,39,806
1071,39,497
1072,39,649
1073,39,764
1074,39,898
1075,39,108
1076,39,765
1077,39,83
1078,39,80
1079,39,898
1080,39,497
1081,39,109
1082,39,806
1083,39,645
1084,39,913
1085,39,1143
1086,39,142
1087,39,973
1088,39,898
1089,39,740
1090,39,973
1091,39,1235
1092,39,1109
1093,39,780
1094,39,166
1095,39,1117
1096,39,898
1097,39,898
1098,39,147
1099,40,876
1100,40,739
1101,40,973
1102,40,32
1103,40,869
1104,40,663
1105,40,33
1106,40,973
1107,40,837
1108,40,863
1109,40,898
1110,40,663
1111,40,739
1112,40,122
1113,40,253
1114,40,663
1115,40,1031
1116,40,34
1117,40,837
1118,40,546
1119,40,380
1120,40,740
1121,40,522
1122,40,898
1123,40,840
1124,40,294
1125,40,898
1126,40,646
1127,40,1153
1128,40,1011
1129,41,840
1130,41,1081
1131,41,600
1132,41,692
1133,41,735
1134,41,247
1135,41,1307
1136,41,1085
1137,41,626
1138,41,413
1139,41,897
1140,41,273
1141,41,507
1142,41,760
1143,41,1235
1144,41,1153
1145,41,598
1146,41,143
1147,41,630
1148,41,248
1149,41,1084
1150,41,1151
1151,41,655
1152,41,1235
1153,41,248
1154,41,740
1155,41,1153
1156,41,1235
1157,41,617
1158,42,625
1159,42,626
1160,42,1153
1161,42,248
1162,42,499
1163,42,548
1164,42,895
1165,42,387
1166,42,625
1167,42,1309
1168,42,787
1169,42,263
1170,42,261
1171,42,313
1172,42,895
1173,42,740
1174,42,570
1175,42,794
1176,42,93
1177,42,608
1178,42,1235
1179,42,92
1180,42,746
1181,42,887
1182,42,286
1183,42,1236
1184,42,746
1185,42,779
1186,42,1151
1187,42,490
1188,42,92
1189,43,570
1190,43,1151
1191,43,860
1192,43,746
1193,43,512
1194,43,746
1195,43,499
1196,43,1153
1197,43,840
1198,43,746
1199,43,141
1200,43,1153
1201,43,840
1202,43,92
1203,43,1040
1204,43,295
1205,43,1153
1206,43,512
1207,43,912
1208,43,746
1209,43,320
1210,43,746
1211,43,51
1212,43,740
1213,43,329
1214,43,1157
1215,43,141
1216,43,746
1217,43,984
1218,43,1243
1219,43,912
1220,44,883
1221,44,738
1222,44,502
1223,44,52
1224,44,1242
1225,44,897
1226,44,53
1227,44,1235
1228,44,984
1229,44,746
1230,44,1254
1231,44,381
1232,44,520
1233,44,1083
1234,44,1323
1235,44,381
1236,44,1269
1237,44,1239
1238,44,984
1239,44,1245
1240,44,1199
1241,44,56
1242,44,163
1243,44,245
1244,44,740
1245,44,326
1246,44,744
1247,44,56
1248,44,6
1249,44,245
1250,45,1245
1251,45,381
1252,45,945
1253,45,712
1254,45,1323
1255,45,1276
1256,45,10
1257,45,296
1258,45,326
1259,45,1362
1260,45,1261
1261,45,1149
1262,45,1323
1263,45,322
1264,45,894
1265,45,296
1266,45,1323
1267,45,1258
1268,45,769
1269,45,10
1270,45,1362
1271,45,1323
1272,45,746
1273,45,1245
1274,45,326
1275,45,696
1276,45,1078
1277,45,769
1278,45,823
1279,45,746
1280,45,698
1281,46,657
1282,46,736
1283,46,770
1284,46,1343
1285,46,64
1286,46,808
1287,46,1245
1288,46,746
1289,46,1078
1290,46,484
1291,46,498
1292,46,486
1293,46,524
1294,46,141
1295,46,740
1296,46,736
1297,46,746
1298,46,472
1299,46,124
1300,46,525
1301,46,1245
1302,46,242
1303,46,284
1304,46,719
1305,46,1164
1306,46,486
1307,46,473
1308,46,624
1309,46,931
1310,46,1058
1311,47,691
1312,47,484
1313,47,746
1314,47,306
1315,47,10
1316,47,1245
1317,47,623
1318,47,1058
1319,47,656
1320,47,242
1321,47,498
1322,47,1059
1323,47,524
1324,47,1058
1325,47,727
1326,47,485
1327,47,543
1328,47,624
1329,47,740
1330,47,720
1331,47,665
1332,47,1078
1333,47,930
1334,47,244
1335,47,1362
1336,47,1323
1337,47,79
1338,47,328
1339,47,1323
1340,47,1074
1341,48,1079
1342,48,632
1343,48,607
1344,48,167
1345,48,241
1346,48,162
1347,48,378
1348,48,812
1349,48,139
1350,48,530
1351,48,644
1352,48,4
1353,48,164
1354,48,390
1355,48,741
1356,48,587
1357,48,92
1358,48,274
1359,48,164
1360,48,717
1361,48,1152
1362,48,390
1363,48,122
1364,48,92
1365,48,260
1366,48,518
1367,48,390
1368,48,168
1369,48,1354
1370,48,518
1371,48,1010
1372,49,81
1373,49,92
1374,49,836
1375,49,547
1376,49,167
1377,49,269
1378,49,830
1379,49,659
1380,49,217
1381,49,717
1382,49,274
1383,49,217
1384,49,547
1385,49,137
1386,49,391
1387,49,257
1388,49,137
1389,49,274
1390,49,542
1391,49,60
1392,49,836
1393,49,81
1394,49,636
1395,49,547
1396,49,159
1397,49,391
1398,49,291
1399,49,523
1400,50,834
1401,50,587
1402,50,913
1403,50,811
1404,50,542
1405,50,1235
1406,50,24
1407,50,654
1408,50,820
1409,50,1150
1410,50,1157
1411,50,1010
1412,50,823
1413,50,1279
1414,50,291
1415,50,873
1416,50,412
1417,50,26
1418,50,1271
1419,50,823
1420,50,291
1421,50,1235
1422,50,874
1423,50,1157
1424,50,636
1425,50,40
1426,50,1157
1427,50,764
1428,50,291
1429,50,488
1430,50,26
1431,51,26
1432,51,542
1433,51,764
1434,51,548
1435,51,1143
1436,51,291
1437,51,1080
1438,51,80
1439,51,765
1440,51,542
1441,51,764
1442,51,291
1443,51,396
1444,51,765
1445,51,291
1446,51,109
1447,51,551
1448,51,1157
1449,51,381
1450,51,817
1451,51,1088
1452,51,142
1453,51,381
1454,51,1269
1455,51,483
1456,51,586
1457,51,645
1458,51,29
1459,51,291
1460,51,810
1461,52,551
1462,52,267
1463,52,961
1464,52,1032
1465,52,551
1466,52,291
1467,52,90
1468,52,384
1469,52,551
1470,52,267
1471,52,1117
1472,52,33
1473,52,267
1474,52,551
1475,52,291
1476,52,247
1477,52,957
1478,52,1086
1479,52,898
1480,52,62
1481,52,273
1482,52,1153
1483,52,1056
1484,52,961
1485,52,1086
1486,52,840
1487,52,34
1488,52,380
1489,52,291
1490,52,598
1491,53,776
1492,53,898
1493,53,646
1494,53,143
1495,53,145
1496,53,144
1497,53,897
1498,53,253
1499,53,143
1500,53,96
1501,53,1051
1502,53,295
1503,53,640
1504,53,1252
1505,53,897
1506,53,114
1507,53,655
1508,53,897
1509,53,247
1510,53,291
1511,53,246
1512,53,1041
1513,53,295
1514,53,897
1515,53,90
1516,53,96
1517,53,655
1518,53,394
1519,53,114
1520,53,1084
1521,54,90
1522,54,1041
1523,54,123
1524,54,897
1525,54,295
1526,54,1084
1527,54,1272
1528,54,897
1529,54,540
1530,54,1153
1531,54,589
1532,54,608
1533,54,617
1534,54,1084
1535,54,957
1536,54,92
1537,54,144
1538,54,243
1539,54,206
1540,54,1084
1541,54,895
1542,54,295
1543,54,649
1544,54,876
1545,54,540
1546,54,606
1547,54,959
1548,54,859
1549,54,123
1550,54,100
1551,54,746
1552,55,621
1553,55,292
1554,55,779
1555,55,1084
1556,55,608
1557,55,123
1558,55,450
1559,55,257
1560,55,1084
1561,55,859
1562,55,1145
1563,55,627
1564,55,823
1565,55,860
1566,55,186
1567,55,54
1568,55,1271
1569,55,141
1570,55,392
1571,55,912
1572,55,827
1573,55,1123
1574,55,746
1575,55,912
1576,55,1136
1577,55,329
1578,55,757
1579,55,54
1580,55,477
1581,56,809
1582,56,827
1583,56,170
1584,56,634
1585,56,123
1586,56,660
1587,56,746
1588,56,757
1589,56,150
1590,56,757
1591,56,833
1592,56,91
1593,56,746
1594,56,833
1595,56,1082
1596,56,1263
1597,56,789
1598,56,716
1599,56,780
1600,56,908
1601,56,883
1602,56,1083
1603,56,1245
1604,56,1069
1605,56,245
1606,56,538
1607,56,843
1608,56,823
1609,56,608
1610,56,886
1611,57,1092
1612,57,1323
1613,57,1115
1614,57,1273
1615,57,115
1616,57,843
1617,57,908
1618,57,843
1619,57,891
1620,57,245
1621,57,215
1622,57,807
1623,57,1083
1624,57,1190
1625,57,945
1626,57,1245
1627,57,1362
1628,57,273
1629,57,215
1630,57,945
1631,57,330
1632,57,843
1633,57,740
1634,57,203
1635,57,47
1636,57,769
1637,57,824
1638,57,327
1639,57,913
1640,57,1362
1641,57,1323
1642,58,518
1643,58,115
1644,58,332
1645,58,47
1646,58,1323
1647,58,382
1648,58,486
1649,58,1063
1650,58,715
1651,58,770
1652,58,379
1653,58,284
1654,58,1046
1655,58,528
1656,58,47
1657,58,332
1658,58,1078
1659,58,284
1660,58,65
1661,58,628
1662,58,1061
1663,58,1323
1664,58,1162
1665,58,332
1666,58,125
1667,58,467
1668,58,620
1669,58,249
1670,58,486
1671,58,1162
1672,59,902
1673,59,529
1674,59,624
1675,59,518
1676,59,332
1677,59,467
1678,59,773
1679,59,306
1680,59,931
1681,59,468
1682,59,914
1683,59,587
1684,59,705
1685,59,823
1686,59,771
1687,59,1323
1688,59,835
1689,59,1098
1690,59,47
1691,59,471
1692,59,1323
1693,59,847
1694,59,648
1695,59,847
1696,59,823
1697,59,47
1698,59,587
1699,59,471
1700,59,1162
1701,59,1362
1702,59,1162
1703,60,378
1704,60,1154
1705,60,154
1706,60,236
1707,60,644
1708,60,378
1709,60,402
1710,60,607
1711,60,235
1712,60,629
1713,60,390
1714,60,1079
1715,60,5
1716,60,236
1717,60,544
1718,60,390
1719,60,388
1720,60,635
1721,60,390
1722,60,4
1723,60,92
1724,60,820
1725,60,1152
1726,60,164
1727,60,390
1728,60,168
1729,60,92
1730,60,1356
1731,60,164
1732,60,140
1733,60,122
1734,61,140
1735,61,256
1736,61,92
1737,61,1010
1738,61,607
1739,61,92
1740,61,402
1741,61,1046
1742,61,257
1743,61,137
1744,61,137
1745,61,1046
1746,61,257
1747,61,274
1748,61,587
1749,61,1148
1750,61,391
1751,61,81
1752,61,547
1753,61,1148
1754,61,291
1755,61,758
1756,61,972
1757,61,291
1758,61,836
1759,61,811
1760,61,758
1761,61,972
1762,62,376
1763,62,81
1764,62,834
1765,62,1235
1766,62,913
1767,62,917
1768,62,814
1769,62,587
1770,62,159
1771,62,758
1772,62,741
1773,62,26
1774,62,917
1775,62,523
1776,62,604
1777,62,1279
1778,62,915
1779,62,814
1780,62,1279
1781,62,1157
1782,62,1263
1783,62,582
1784,62,1130
1785,62,758
1786,62,1042
1787,62,645
1788,62,57
1789,62,1271
1790,62,57
1791,62,587
1792,62,404
1793,63,780
1794,63,80
1795,63,26
1796,63,580
1797,63,57
1798,63,1109
1799,63,441
1800,63,496
1801,63,645
1802,63,649
1803,63,109
1804,63,1109
1805,63,551
1806,63,1080
1807,63,1279
1808,63,898
1809,63,1187
1810,63,814
1811,63,1143
1812,63,1187
1813,63,404
1814,63,291
1815,63,396
1816,63,1157
1817,63,142
1818,63,1090
1819,63,1157
1820,63,506
1821,63,483
1822,63,649
1823,64,1117
1824,64,1269
1825,64,89
1826,64,1126
1827,64,898
1828,64,273
1829,64,396
1830,64,153
1831,64,810
1832,64,291
1833,64,253
1834,64,645
1835,64,966
1836,64,273
1837,64,810
1838,64,90
1839,64,551
1840,64,898
1841,64,776
1842,64,291
1843,64,957
1844,64,581
1845,64,263
1846,64,144
1847,64,273
1848,64,1117
1849,64,546
1850,64,649
1851,64,783
1852,64,898
1853,64,1279
1854,65,267
1855,65,1086
1856,65,783
1857,65,273
1858,65,840
1859,65,1117
1860,65,655
1861,65,251
1862,65,1133
1863,65,897
1864,65,143
1865,65,649
1866,65,1153
1867,65,65
1868,65,943
1869,65,775
1870,65,895
1871,65,626
1872,65,581
1873,65,897
1874,65,640
1875,65,253
1876,65,1117
1877,65,114
1878,65,895
1879,65,384
1880,65,895
1881,65,267
1882,65,1117
1883,65,895
1884,66,96
1885,66,897
1886,66,640
1887,66,553
1888,66,809
1889,66,90
1890,66,253
1891,66,586
1892,66,809
1893,66,850
1894,66,92
1895,66,895
1896,66,1084
1897,66,787
1898,66,606
1899,66,384
1900,66,1271
1901,66,586
1902,66,649
1903,66,253
1904,66,251
1905,66,253
1906,66,647
1907,66,960
1908,66,100
1909,66,789
1910,66,1084
1911,66,65
1912,66,606
1913,66,647
1914,66,65
1915,67,256
1916,67,1314
1917,67,257
1918,67,1010
1919,67,895
1920,67,1151
1921,67,1070
1922,67,647
1923,67,451
1924,67,253
1925,67,895
1926,67,840
1927,67,1262
1928,67,895
1929,67,779
1930,67,634
1931,67,254
1932,67,256
1933,67,912
1934,67,618
1935,67,329
1936,67,796
1937,67,895
1938,67,824
1939,67,895
1940,67,1157
1941,67,1157
1942,67,809
1943,67,583
1944,67,206
1945,68,74
1946,68,1157
1947,68,796
1948,68,895
1949,68,833
1950,68,819
1951,68,1353
1952,68,895
1953,68,505
1954,68,1242
1955,68,757
1956,68,833
1957,68,73
1958,68,332
1959,68,73
1960,68,757
1961,68,1323
1962,68,1273
1963,68,746
1964,68,608
1965,68,787
1966,68,895
1967,68,833
1968,68,757
1969,68,403
1970,68,703
1971,68,292
1972,68,1175
1973,68,505
1974,68,1323
1975,69,186
1976,69,895
1977,69,332
1978,69,1043
1979,69,1083
1980,69,55
1981,69,252
1982,69,807
1983,69,945
1984,69,1273
1985,69,1161
1986,69,716
1987,69,332
1988,69,807
1989,69,757
1990,69,1273
1991,69,841
1992,69,271
1993,69,895
1994,69,115
1995,69,945
1996,69,518
1997,69,300
1998,69,757
1999,69,1273
2000,69,841
2001,69,716
2002,69,1323
2003,69,757
2004,69,1273
2005,69,70
2006,70,486
2007,70,716
2008,70,111
2009,70,576
2010,70,843
2011,70,780
2012,70,757
2013,70,1323
2014,70,47
2015,70,886
2016,70,115
2017,70,1323
2018,70,1355
2019,70,191
2020,70,1323
2021,70,716
2022,70,70
2023,70,141
2024,70,1116
2025,70,47
2026,70,128
2027,70,1362
2028,70,70
2029,70,886
2030,70,1046
2031,70,914
2032,70,913
2033,70,47
2034,70,746
2035,70,484
2036,71,1362
2037,71,931
2038,71,1273
2039,71,746
2040,71,893
2041,71,620
2042,71,1076
2043,71,47
2044,71,1287
2045,71,746
2046,71,38
2047,71,103
2048,71,47
2049,71,656
2050,71,1076
2051,71,720
2052,71,1362
2053,71,746
2054,71,1362
2055,71,785
2056,71,332
2057,71,773
2058,71,47
2059,71,526
2060,71,622
2061,71,1046
2062,71,38
2063,71,622
2064,71,1202
2065,71,526
2066,71,69
2067,72,1089
2068,72,819
2069,72,629
2070,72,824
2071,72,378
2072,72,632
2073,72,629
2074,72,824
2075,72,607
2076,72,235
2077,72,823
2078,72,1046
2079,72,402
2080,72,1010
2081,72,820
2082,72,824
2083,72,269
2084,72,519
2085,72,1217
2086,72,92
2087,72,644
2088,72,587
2089,72,852
2090,72,1217
2091,72,1016
2092,72,1338
2093,72,164
2094,72,164
2095,72,587
2096,72,586
2097,72,1018
2098,73,256
2099,73,819
2100,73,747
2101,73,1046
2102,73,717
2103,73,852
2104,73,820
2105,73,587
2106,73,92
2107,73,424
2108,73,122
2109,73,820
2110,73,823
2111,73,237
2112,73,424
2113,73,423
2114,73,92
2115,73,1010
2116,73,823
2117,73,587
2118,73,237
2119,73,587
2120,73,92
2121,73,238
2122,73,391
2123,73,758
2124,73,587
2125,73,823
2126,74,758
2127,74,572
2128,74,972
2129,74,758
2130,74,811
2131,74,1150
2132,74,1235
2133,74,291
2134,74,523
2135,74,423
2136,74,917
2137,74,1137
2138,74,1034
2139,74,587
2140,74,1157
2141,74,92
2142,74,1279
2143,74,1157
2144,74,587
2145,74,92
2146,74,429
2147,74,645
2148,74,1010
2149,74,645
2150,74,823
2151,74,1010
2152,74,817
2153,74,291
2154,74,166
2155,74,780
2156,74,83
2157,75,1038
2158,75,291
2159,75,156
2160,75,1016
2161,75,166
2162,75,156
2163,75,1133
2164,75,823
2165,75,587
2166,75,604
2167,75,291
2168,75,823
2169,75,1279
2170,75,442
2171,75,587
2172,75,396
2173,75,1279
2174,75,817
2175,75,414
2176,75,1157
2177,75,413
2178,75,413
2179,75,823
2180,75,814
2181,75,587
2182,75,823
2183,75,311
2184,75,483
2185,75,396
2186,75,1157
2187,76,404
2188,76,414
2189,76,426
2190,76,626
2191,76,442
2192,76,76
2193,76,649
2194,76,626
2195,76,1138
2196,76,823
2197,76,837
2198,76,442
2199,76,153
2200,76,837
2201,76,876
2202,76,546
2203,76,384
2204,76,76
2205,76,89
2206,76,550
2207,76,247
2208,76,291
2209,76,383
2210,76,649
2211,76,253
2212,76,380
2213,76,380
2214,76,776
2215,76,114
2216,76,649
2217,76,645
2218,77,309
2219,77,546
2220,77,806
2221,77,581
2222,77,329
2223,77,649
2224,77,783
2225,77,777
2226,77,546
2227,77,356
2228,77,582
2229,77,806
2230,77,411
2231,77,246
2232,77,1127
2233,77,253
2234,77,96
2235,77,295
2236,77,640
2237,77,649
2238,77,251
2239,77,645
2240,77,253
2241,77,295
2242,77,65
2243,77,90
2244,77,943
2245,77,897
2246,77,253
2247,77,1010
2248,78,809
2249,78,1117
2250,78,822
2251,78,895
2252,78,65
2253,78,630
2254,78,1138
2255,78,295
2256,78,957
2257,78,649
2258,78,587
2259,78,511
2260,78,243
2261,78,649
2262,78,822
2263,78,253
2264,78,649
2265,78,65
2266,78,295
2267,78,951
2268,78,114
2269,78,1010
2270,78,1298
2271,78,1212
2272,78,1277
2273,78,895
2274,78,649
2275,78,684
2276,78,253
2277,78,966
2278,78,1298
2279,79,186
2280,79,286
2281,79,1298
2282,79,1123
2283,79,243
2284,79,253
2285,79,1314
2286,79,1302
2287,79,92
2288,79,1123
2289,79,286
2290,79,1360
2291,79,617
2292,79,1123
2293,79,197
2294,79,1314
2295,79,150
2296,79,774
2297,79,1277
2298,79,1229
2299,79,254
2300,79,1303
2301,79,1157
2302,79,1314
2303,79,254
2304,79,1304
2305,79,1228
2306,79,1353
2307,79,1313
2308,79,1314
2309,79,566
2310,80,1353
2311,80,1303
2312,80,1228
2313,80,1283
2314,80,1244
2315,80,1357
2316,80,978
2317,80,254
2318,80,980
2319,80,1332
2320,80,185
2321,80,444
2322,80,958
2323,80,253
2324,80,1199
2325,80,253
2326,80,1277
2327,80,1314
2328,80,1357
2329,80,14
2330,80,259
2331,80,520
2332,80,74
2333,80,188
2334,80,1323
2335,80,73
2336,80,1229
2337,80,101
2338,80,300
2339,80,1314
2340,81,1304
2341,81,1228
2342,81,245
2343,81,1355
2344,81,1115
2345,81,732
2346,81,1357
2347,81,200
2348,81,520
2349,81,807
2350,81,1314
2351,81,698
2352,81,895
2353,81,1115
2354,81,982
2355,81,807
2356,81,1304
2357,81,1204
2358,81,715
2359,81,841
2360,81,757
2361,81,934
2362,81,769
2363,81,169
2364,81,486
2365,81,945
2366,81,799
2367,81,883
2368,81,1116
2369,81,770
2370,81,982
2371,82,1213
2372,82,895
2373,82,256
2374,82,913
2375,82,270
2376,82,1270
2377,82,1198
2378,82,1304
2379,82,799
2380,82,808
2381,82,303
2382,82,746
2383,82,808
2384,82,504
2385,82,785
2386,82,1010
2387,82,524
2388,82,1116
2389,82,877
2390,82,1046
2391,82,757
2392,82,47
2393,82,1078
2394,82,847
2395,82,525
2396,82,587
2397,82,1198
2398,82,824
2399,82,624
2400,83,1010
2401,83,249
2402,83,1063
2403,83,746
2404,83,931
2405,83,847
2406,83,1059
2407,83,705
2408,83,1314
2409,83,305
2410,83,605
2411,83,847
2412,83,1245
2413,83,16
2414,83,847
2415,83,306
2416,83,1314
2417,83,847
2418,83,708
2419,83,1327
2420,83,1010
2421,83,982
2422,83,1314
2423,83,746
2424,83,315
2425,83,1287
2426,83,847
2427,83,16
2428,83,332
2429,83,1287
2430,83,1039
2431,84,831
2432,84,1046
2433,84,378
2434,84,629
2435,84,1079
2436,84,1046
2437,84,236
2438,84,644
2439,84,819
2440,84,741
2441,84,82
2442,84,629
2443,84,236
2444,84,644
2445,84,171
2446,84,236
2447,84,753
2448,84,1334
2449,84,852
2450,84,1133
2451,84,1335
2452,84,236
2453,84,823
2454,84,1334
2455,84,644
2456,84,164
2457,84,747
2458,84,587
2459,84,852
2460,84,1334
2461,84,1217
2462,85,1334
2463,85,1123
2464,85,830
2465,85,402
2466,85,547
2467,85,256
2468,85,1046
2469,85,747
2470,85,1334
2471,85,256
2472,85,1046
2473,85,542
2474,85,586
2475,85,164
2476,85,1315
2477,85,1016
2478,85,1289
2479,85,1148
2480,85,325
2481,85,1046
2482,85,391
2483,85,1240
2484,85,1335
2485,85,758
2486,85,542
2487,85,122
2488,85,850
2489,85,391
2490,86,820
2491,86,291
2492,86,758
2493,86,523
2494,86,238
2495,86,823
2496,86,636
2497,86,582
2498,86,459
2499,86,811
2500,86,915
2501,86,238
2502,86,758
2503,86,1137
2504,86,26
2505,86,587
2506,86,24
2507,86,1145
2508,86,412
2509,86,650
2510,86,811
2511,86,586
2512,86,491
2513,86,1042
2514,86,548
2515,86,413
2516,86,496
2517,86,645
2518,86,1038
2519,86,548
2520,86,166
2521,87,156
2522,87,645
2523,87,1125
2524,87,645
2525,87,817
2526,87,420
2527,87,166
2528,87,415
2529,87,604
2530,87,811
2531,87,150
2532,87,626
2533,87,587
2534,87,1110
2535,87,147
2536,87,823
2537,87,586
2538,87,413
2539,87,824
2540,87,1279
2541,87,740
2542,87,506
2543,87,1279
2544,87,626
2545,87,413
2546,87,663
2547,87,649
2548,87,415
2549,87,672
2550,87,582
2551,88,506
2552,88,810
2553,88,396
2554,88,1118
2555,88,1138
2556,88,645
2557,88,823
2558,88,1118
2559,88,780
2560,88,1032
2561,88,957
2562,88,76
2563,88,645
2564,88,823
2565,88,384
2566,88,153
2567,88,895
2568,88,153
2569,88,1032
2570,88,253
2571,88,356
2572,88,153
2573,88,550
2574,88,34
2575,88,546
2576,88,549
2577,88,267
2578,88,144
2579,88,822
2580,88,356
2581,88,840
2582,89,43
2583,89,783
2584,89,329
2585,89,1153
2586,89,822
2587,89,546
2588,89,582
2589,89,144
2590,89,1118
2591,89,144
2592,89,384
2593,89,354
2594,89,806
2595,89,692
2596,89,1138
2597,89,649
2598,89,649
2599,89,251
2600,89,267
2601,89,356
2602,89,546
2603,89,793
2604,89,548
2605,89,247
2606,89,553
2607,89,356
2608,89,740
2609,89,114
2610,89,649
2611,89,243
2612,90,553
2613,90,630
2614,90,649
2615,90,367
2616,90,356
2617,90,962
2618,90,649
2619,90,354
2620,90,329
2621,90,630
2622,90,364
2623,90,649
2624,90,962
2625,90,733
2626,90,630
2627,90,356
2628,90,114
2629,90,553
2630,90,1071
2631,90,221
2632,90,617
2633,90,608
2634,90,243
2635,90,552
2636,90,1070
2637,90,450
2638,90,253
2639,90,286
2640,90,1246
2641,90,114
2642,90,1315
2643,91,1360
2644,91,450
2645,91,794
2646,91,450
2647,91,397
2648,91,1071
2649,91,1277
2650,91,667
2651,91,969
2652,91,1151
2653,91,969
2654,91,1228
2655,91,1314
2656,91,183
2657,91,329
2658,91,824
2659,91,1360
2660,91,649
2661,91,1299
2662,91,1360
2663,91,1277
2664,91,1228
2665,91,640
2666,91,912
2667,91,1290
2668,91,1357
2669,91,1277
2670,91,895
2671,91,1283
2672,91,1357
2673,91,649
2674,92,789
2675,92,1313
2676,92,1218
2677,92,1353
2678,92,649
2679,92,1283
2680,92,596
2681,92,1218
2682,92,1357
2683,92,1283
2684,92,907
2685,92,908
2686,92,1069
2687,92,940
2688,92,505
2689,92,185
2690,92,958
2691,92,891
2692,92,757
2693,92,520
2694,92,1228
2695,92,1133
2696,92,1360
2697,92,1208
2698,92,520
2699,92,299
2700,92,1314
2701,92,958
2702,92,575
2703,92,1015
2704,93,112
2705,93,111
2706,93,185
2707,93,955
2708,93,1204
2709,93,757
2710,93,895
2711,93,1239
2712,93,1304
2713,93,1229
2714,93,807
2715,93,1357
2716,93,1332
2717,93,1360
2718,93,1357
2719,93,1314
2720,93,979
2721,93,1360
2722,93,1115
2723,93,694
2724,93,895
2725,93,1304
2726,93,823
2727,93,1314
2728,93,1332
2729,93,1323
2730,93,1357
2731,93,934
2732,93,1360
2733,93,1277
2734,93,650
2735,94,757
2736,94,70
2737,94,1115
2738,94,1213
2739,94,979
2740,94,1210
2741,94,267
2742,94,379
2743,94,824
2744,94,979
2745,94,1277
2746,94,1327
2747,94,823
2748,94,1210
2749,94,1299
2750,94,823
2751,94,847
2752,94,1210
2753,94,1314
2754,94,892
2755,94,1314
2756,94,1277
2757,94,242
2758,94,484
2759,94,847
2760,94,47
2761,94,1357
2762,94,1198
2763,94,1314
2764,94,847
2765,95,1046
2766,95,885
2767,95,1226
2768,95,1010
2769,95,1287
2770,95,1360
2771,95,1362
2772,95,403
2773,95,707
2774,95,983
2775,95,1198
2776,95,1210
2777,95,1010
2778,95,705
2779,95,1277
2780,95,1287
2781,95,73
2782,95,1072
2783,95,1196
2784,95,1314
2785,95,73
2786,95,403
2787,95,1294
2788,95,1360
2789,95,1330
2790,95,1039
2791,95,73
2792,95,1133
2793,95,73
2794,95,1277
2795,96,587
2796,96,236
2797,96,741
2798,96,1277
2799,96,852
2800,96,819
2801,96,823
2802,96,1354
2803,96,586
2804,96,1241
2805,96,1335
2806,96,823
2807,96,587
2808,96,1241
2809,96,852
2810,96,780
2811,96,1232
2812,96,1354
2813,96,823
2814,96,431
2815,96,1241
2816,96,747
2817,96,1232
2818,96,650
2819,96,1200
2820,96,402
2821,96,587
2822,96,1241
2823,96,747
2824,96,1249
2825,96,852
2826,97,237
2827,97,836
2828,97,423
2829,97,743
2830,97,819
2831,97,1354
2832,97,542
2833,97,1241
2834,97,819
2835,97,237
2836,97,587
2837,97,123
2838,97,238
2839,97,542
2840,97,122
2841,97,1010
2842,97,50
2843,97,824
2844,97,587
2845,97,1346
2846,97,1240
2847,97,586
2848,97,1010
2849,97,458
2850,97,823
2851,97,972
2852,97,81
2853,97,587
2854,98,1263
2855,98,237
2856,98,819
2857,98,1240
2858,98,607
2859,98,291
2860,98,758
2861,98,237
2862,98,57
2863,98,1133
2864,98,823
2865,98,548
2866,98,19
2867,98,654
2868,98,811
2869,98,308
2870,98,1123
2871,98,1240
2872,98,913
2873,98,1145
2874,98,587
2875,98,488
2876,98,1125
2877,98,429
2878,98,307
2879,98,461
2880,98,654
2881,98,823
2882,98,488
2883,98,425
2884,98,1042
2885,99,488
2886,99,823
2887,99,291
2888,99,1124
2889,99,587
2890,99,404
2891,99,420
2892,99,645
2893,99,291
2894,99,1240
2895,99,490
2896,99,898
2897,99,819
2898,99,147
2899,99,404
2900,99,976
2901,99,580
2902,99,359
2903,99,976
2904,99,404
2905,99,1157
2906,99,542
2907,99,548
2908,99,898
2909,99,672
2910,99,381
2911,99,587
2912,99,1010
2913,99,819
2914,99,663
2915,100,414
2916,100,895
2917,100,153
2918,100,649
2919,100,1117
2920,100,1117
2921,100,780
2922,100,663
2923,100,587
2924,100,234
2925,100,404
2926,100,810
2927,100,247
2928,100,898
2929,100,837
2930,100,34
2931,100,627
2932,100,1117
2933,100,823
2934,100,34
2935,100,511
2936,100,740
2937,100,404
2938,100,153
2939,100,510
2940,100,404
2941,100,354
2942,100,487
2943,100,522
2944,100,943
2945,101,77
2946,101,404
2947,101,279
2948,101,356
2949,101,1279
2950,101,522
2951,101,153
2952,101,405
2953,101,775
2954,101,587
2955,101,655
2956,101,821
2957,101,509
2958,101,548
2959,101,309
2960,101,356
2961,101,633
2962,101,548
2963,101,295
2964,101,499
2965,101,309
2966,101,606
2967,101,819
2968,101,356
2969,101,548
2970,101,821
2971,101,367
2972,101,814
2973,101,630
2974,101,367
2975,102,367
2976,102,606
2977,102,1307
2978,102,329
2979,102,721
2980,102,1010
2981,102,405
2982,102,570
2983,102,821
2984,102,356
2985,102,809
2986,102,774
2987,102,366
2988,102,268
2989,102,740
2990,102,851
2991,102,1278
2992,102,1095
2993,102,366
2994,102,598
2995,102,1151
2996,102,587
2997,102,1315
2998,102,617
2999,102,405
3000,102,1070
3001,102,1010
3002,102,1042
3003,103,649
3004,103,1335
3005,103,667
3006,103,428
3007,103,1057
3008,103,649
3009,103,895
3010,103,618
3011,103,649
3012,103,405
3013,103,1360
3014,103,267
3015,103,640
3016,103,1212
3017,103,243
3018,103,329
3019,103,557
3020,103,397
3021,103,819
3022,103,587
3023,103,267
3024,103,895
3025,103,627
3026,103,859
3027,103,850
3028,103,649
3029,103,254
3030,103,822
3031,103,1240
3032,103,1335
3033,104,403
3034,104,634
3035,104,817
3036,104,757
3037,104,787
3038,104,1314
3039,104,1157
3040,104,649
3041,104,1360
3042,104,111
3043,104,1083
3044,104,1136
3045,104,259
3046,104,292
3047,104,1069
3048,104,345
3049,104,1273
3050,104,505
3051,104,188
3052,104,693
3053,104,824
3054,104,55
3055,104,520
3056,104,1038
3057,104,1093
3058,105,243
3059,105,1271
3060,105,419
3061,105,824
3062,105,967
3063,105,47
3064,105,500
3065,105,403
3066,105,297
3067,105,823
3068,105,297
3069,105,179
3070,105,1123
3071,105,413
3072,105,746
3073,105,297
3074,105,455
3075,105,268
3076,105,297
3077,105,609
3078,105,455
3079,105,740
3080,105,381
3081,105,297
3082,105,934
3083,105,1282
3084,105,1038
3085,106,47
3086,106,915
3087,106,372
3088,106,883
3089,106,746
3090,106,741
3091,106,850
3092,106,70
3093,106,1362
3094,106,747
3095,106,141
3096,106,13
3097,106,780
3098,106,1288
3099,106,1046
3100,106,403
3101,106,13
3102,106,368
3103,106,56
3104,106,1028
3105,106,368
3106,106,284
3107,106,824
3108,106,1360
3109,106,1314
3110,106,526
3111,107,914
3112,107,1245
3113,107,608
3114,107,1133
3115,107,1046
3116,107,270
3117,107,773
3118,107,141
3119,107,794
3120,107,1066
3121,107,73
3122,107,823
3123,107,1144
3124,107,141
3125,107,1277
3126,107,1210
3127,107,842
3128,107,605
3129,107,609
3130,107,526
3131,107,141
3132,107,126
3133,107,79
3134,107,824
3135,108,629
3136,108,1354
3137,108,402
3138,108,1010
3139,108,587
3140,108,530
3141,108,1265
3142,108,747
3143,108,1232
3144,108,852
3145,108,1010
3146,108,402
3147,108,1133
3148,108,1277
3149,108,236
3150,108,1241
3151,108,475
3152,108,852
3153,108,1241
3154,108,819
3155,108,1326
3156,108,519
3157,108,578
3158,108,855
3159,108,1277
3160,108,1217
3161,108,1329
3162,108,1265
3163,108,1361
3164,108,824
3165,108,1356
3166,109,482
3167,109,402
3168,109,439
3169,109,780
3170,109,5
3171,109,439
3172,109,852
3173,109,823
3174,109,1046
3175,109,1133
3176,109,547
3177,109,659
3178,109,852
3179,109,748
3180,109,547
3181,109,402
3182,109,237
3183,109,461
3184,109,836
3185,109,122
3186,109,825
3187,109,653
3188,109,402
3189,109,1133
3190,109,1010
3191,109,836
3192,109,1010
3193,109,653
3194,110,1315
3195,110,824
3196,110,424
3197,110,587
3198,110,758
3199,110,800
3200,110,123
3201,110,1249
3202,110,800
3203,110,823
3204,110,654
3205,110,1145
3206,110,1042
3207,110,308
3208,110,123
3209,110,494
3210,110,824
3211,110,548
3212,110,1010
3213,110,494
3214,110,402
3215,110,1038
3216,110,1036
3217,110,402
3218,110,542
3219,110,547
3220,110,811
3221,110,1036
3222,110,1231
3223,110,1113
3224,110,780
3225,111,1010
3226,111,1038
3227,111,1010
3228,111,671
3229,111,1125
3230,111,645
3231,111,823
3232,111,483
3233,111,404
3234,111,1109
3235,111,1010
3236,111,147
3237,111,1110
3238,111,823
3239,111,548
3240,111,1279
3241,111,898
3242,111,404
3243,111,1321
3244,111,291
3245,111,587
3246,111,1010
3247,111,359
3248,111,308
3249,111,267
3250,111,546
3251,111,404
3252,111,823
3253,111,1157
3254,111,142
3255,112,587
3256,112,483
3257,112,1050
3258,112,645
3259,112,823
3260,112,1126
3261,112,329
3262,112,1277
3263,112,1279
3264,112,153
3265,112,633
3266,112,404
3267,112,1157
3268,112,90
3269,112,309
3270,112,819
3271,112,354
3272,112,404
3273,112,645
3274,112,153
3275,112,895
3276,112,1031
3277,112,356
3278,112,627
3279,112,587
3280,112,310
3281,112,1052
3282,112,1010
3283,112,153
3284,112,279
3285,112,329
3286,113,1177
3287,113,356
3288,113,645
3289,113,645
3290,113,1052
3291,113,819
3292,113,144
3293,113,598
3294,113,645
3295,113,598
3296,113,943
3297,113,144
3298,113,1010
3299,113,817
3300,113,1118
3301,113,587
3302,113,238
3303,113,246
3304,113,587
3305,113,943
3306,113,247
3307,113,943
3308,113,1010
3309,113,1335
3310,113,1029
3311,113,655
3312,113,329
3313,113,661
3314,113,130
3315,113,522
3316,114,1010
3317,114,943
3318,114,617
3319,114,1329
3320,114,499
3321,114,606
3322,114,943
3323,114,1010
3324,114,246
3325,114,253
3326,114,817
3327,114,586
3328,114,630
3329,114,1010
3330,114,1290
3331,114,367
3332,114,129
3333,114,606
3334,114,774
3335,114,129
3336,114,211
3337,114,1070
3338,114,253
3339,114,667
3340,114,1151
3341,114,647
3342,114,600
3343,114,129
3344,114,617
3345,114,1266
3346,115,397
3347,115,11
3348,115,617
3349,115,1212
3350,115,640
3351,115,411
3352,115,1010
3353,115,329
3354,115,392
3355,115,779
3356,115,254
3357,115,1190
3358,115,649
3359,115,1266
3360,115,1357
3361,115,640
3362,115,1228
3363,115,649
3364,115,1010
3365,115,286
3366,115,1266
3367,115,740
3368,115,1025
3369,115,634
3370,115,1055
3371,115,1010
3372,115,1266
3373,115,521
3374,116,640
3375,116,746
3376,116,521
3377,116,1360
3378,116,520
3379,116,1014
3380,116,74
3381,116,1332
3382,116,1353
3383,116,649
3384,116,363
3385,116,453
3386,116,1038
3387,116,1199
3388,116,520
3389,116,520
3390,116,267
3391,116,520
3392,116,614
3393,116,1038
3394,116,1069
3395,116,1010
3396,116,505
3397,116,746
3398,116,740
3399,116,886
3400,116,1323
3401,116,268
3402,116,757
3403,116,299
3404,117,275
3405,117,505
3406,117,794
3407,117,746
3408,117,71
3409,117,817
3410,117,363
3411,117,1161
3412,117,456
3413,117,403
3414,117,746
3415,117,789
3416,117,1010
3417,117,47
3418,117,61
3419,117,841
3420,117,500
3421,117,322
3422,117,757
3423,117,1161
3424,117,541
3425,117,1290
3426,117,115
3427,117,915
3428,117,934
3429,117,486
3430,117,500
3431,117,1290
3432,117,799
3433,117,1010
3434,117,886
3435,118,35
3436,118,1078
3437,118,817
3438,118,1282
3439,118,457
3440,118,915
3441,118,577
3442,118,464
3443,118,110
3444,118,746
3445,118,1258
3446,118,1295
3447,118,370
3448,118,1115
3449,118,740
3450,118,1198
3451,118,808
3452,118,615
3453,118,369
3454,118,746
3455,118,675
3456,118,124
3457,118,1046
3458,118,1198
3459,118,824
3460,118,847
3461,118,1058
3462,118,1010
3463,118,74
3464,119,746
3465,119,1046
3466,119,1198
3467,119,47
3468,119,1290
3469,119,914
3470,119,1198
3471,119,1362
3472,119,637
3473,119,12
3474,119,778
3475,119,472
3476,119,1198
3477,119,746
3478,119,141
3479,119,332
3480,119,470
3481,119,740
3482,119,1323
3483,119,16
3484,119,921
3485,119,141
3486,119,1323
3487,119,141
3488,119,1062
3489,119,1010
3490,119,1323
3491,119,1039
3492,119,484
3493,120,23
3494,120,629
3495,120,1010
3496,120,632
3497,120,1133
3498,120,402
3499,120,1010
3500,120,1241
3501,120,1354
3502,120,1277
3503,120,1241
3504,120,236
3505,120,644
3506,120,852
3507,120,1354
3508,120,1335
3509,120,122
3510,120,58
3511,120,1129
3512,120,1123
3513,120,1334
3514,120,1354
3515,120,1241
3516,120,747
3517,120,845
3518,120,587
3519,120,402
3520,120,1354
3521,120,1010
3522,120,238
3523,120,544
3524,121,1046
3525,121,1338
3526,121,819
3527,121,122
3528,121,766
3529,121,402
3530,121,123
3531,121,461
3532,121,587
3533,121,402
3534,121,217
3535,121,743
3536,121,1354
3537,121,1010
3538,121,1346
3539,121,1289
3540,121,402
3541,121,1240
3542,121,972
3543,121,547
3544,121,123
3545,121,836
3546,121,587
3547,121,402
3548,121,758
3549,121,586
3550,121,523
3551,121,1346
3552,122,402
3553,122,653
3554,122,811
3555,122,1289
3556,122,834
3557,122,587
3558,122,653
3559,122,317
3560,122,636
3561,122,26
3562,122,137
3563,122,758
3564,122,308
3565,122,1157
3566,122,915
3567,122,1042
3568,122,916
3569,122,461
3570,122,758
3571,122,1250
3572,122,1346
3573,122,917
3574,122,461
3575,122,308
3576,122,1016
3577,122,307
3578,122,1346
3579,122,166
3580,122,404
3581,122,1038
3582,122,1033
3583,123,83
3584,123,1036
3585,123,645
3586,123,852
3587,123,44
3588,123,1124
3589,123,57
3590,123,1016
3591,123,811
3592,123,1014
3593,123,1240
3594,123,404
3595,123,649
3596,123,645
3597,123,1014
3598,123,1109
3599,123,1240
3600,123,506
3601,123,1157
3602,123,587
3603,123,312
3604,123,1279
3605,123,1109
3606,123,587
3607,123,1014
3608,123,483
3609,123,626
3610,123,780
3611,123,645
3612,123,381
3613,124,645
3614,124,546
3615,124,506
3616,124,312
3617,124,404
3618,124,329
3619,124,587
3620,124,396
3621,124,1031
3622,124,626
3623,124,76
3624,124,819
3625,124,546
3626,124,279
3627,124,627
3628,124,247
3629,124,546
3630,124,309
3631,124,76
3632,124,575
3633,124,383
3634,124,89
3635,124,404
3636,124,114
3637,124,105
3638,124,76
3639,124,581
3640,124,546
3641,124,1050
3642,124,575
3643,124,143
3644,125,759
3645,125,309
3646,125,522
3647,125,1190
3648,125,943
3649,125,309
3650,125,356
3651,125,943
3652,125,926
3653,125,645
3654,125,405
3655,125,1153
3656,125,10
3657,125,251
3658,125,546
3659,125,1117
3660,125,356
3661,125,1190
3662,125,248
3663,125,1029
3664,125,1151
3665,125,587
3666,125,309
3667,125,309
3668,125,630
3669,125,329
3670,125,295
3671,125,355
3672,125,655
3673,125,548
3674,126,1266
3675,126,329
3676,126,356
3677,126,1030
3678,126,1290
3679,126,364
3680,126,926
3681,126,981
3682,126,1289
3683,126,405
3684,126,575
3685,126,413
3686,126,1278
3687,126,92
3688,126,1360
3689,126,267
3690,126,413
3691,126,722
3692,126,129
3693,126,587
3694,126,649
3695,126,667
3696,126,1266
3697,126,417
3698,126,941
3699,126,1043
3700,126,74
3701,126,895
3702,126,667
3703,127,100
3704,127,213
3705,127,649
3706,127,1025
3707,127,1151
3708,127,392
3709,127,1278
3710,127,10
3711,127,617
3712,127,823
3713,127,1010
3714,127,585
3715,127,329
3716,127,667
3717,127,1122
3718,127,584
3719,127,895
3720,127,1068
3721,127,640
3722,127,394
3723,127,649
3724,127,569
3725,127,453
3726,127,1283
3727,127,649
3728,127,1259
3729,127,405
3730,127,1242
3731,127,649
3732,127,1239
3733,127,575
3734,128,1224
3735,128,453
3736,128,1335
3737,128,677
3738,128,1015
3739,128,1353
3740,128,575
3741,128,649
3742,128,1266
3743,128,1010
3744,128,660
3745,128,275
3746,128,1122
3747,128,258
3748,128,789
3749,128,1038
3750,128,824
3751,128,1323
3752,128,73
3753,128,453
3754,128,268
3755,128,1314
3756,128,567
3757,128,520
3758,128,1199
3759,128,1225
3760,128,895
3761,128,886
3762,128,780
3763,128,122
3764,129,71
3765,129,413
3766,129,500
3767,129,883
3768,129,1228
3769,129,268
3770,129,505
3771,129,1282
3772,129,757
3773,129,148
3774,129,268
3775,129,297
3776,129,71
3777,129,1161
3778,129,1335
3779,129,406
3780,129,804
3781,129,500
3782,129,271
3783,129,1357
3784,129,297
3785,129,877
3786,129,746
3787,129,716
3788,129,1010
3789,129,500
3790,129,372
3791,129,913
3792,129,780
3793,130,1010
3794,130,786
3795,130,780
3796,130,1344
3797,130,877
3798,130,1010
3799,130,505
3800,130,524
3801,130,287
3802,130,1116
3803,130,370
3804,130,847
3805,130,1010
3806,130,66
3807,130,1237
3808,130,1115
3809,130,527
3810,130,124
3811,130,1058
3812,130,896
3813,130,848
3814,130,877
3815,130,979
3816,130,525
3817,130,651
3818,130,505
3819,130,1028
3820,130,746
3821,130,284
3822,130,403
3823,131,124
3824,131,1058
3825,131,616
3826,131,1059
3827,131,1237
3828,131,707
3829,131,847
3830,131,920
3831,131,505
3832,131,892
3833,131,505
3834,131,746
3835,131,292
3836,131,403
3837,131,1210
3838,131,35
3839,131,16
3840,131,1352
3841,131,740
3842,131,746
3843,131,643
3844,131,1198
3845,131,265
3846,131,505
3847,131,1260
3848,131,1349
3849,131,1046
3850,131,1162
3851,131,622
3852,131,1208
3853,131,1254
3854,132,407
3855,132,1277
3856,132,823
3857,132,1265
3858,132,629
3859,132,644
3860,132,1241
3861,132,1335
3862,132,1010
3863,132,1264
3864,132,1354
3865,132,171
3866,132,171
3867,132,1335
3868,132,1241
3869,132,1334
3870,132,1289
3871,132,1010
3872,132,162
3873,132,402
3874,132,1277
3875,132,58
3876,132,587
3877,132,1217
3878,132,1329
3879,132,1334
3880,132,1217
3881,132,1334
3882,132,1265
3883,132,1329
3884,132,741
3885,133,1338
3886,133,753
3887,133,402
3888,133,1241
3889,133,59
3890,133,1334
3891,133,1346
3892,133,825
3893,133,659
3894,133,1334
3895,133,748
3896,133,852
3897,133,1334
3898,133,819
3899,133,852
3900,133,285
3901,133,439
3902,133,1335
3903,133,1289
3904,133,1249
3905,133,823
3906,133,972
3907,133,285
3908,133,1016
3909,133,81
3910,133,1277
3911,133,1240
3912,133,547
3913,134,238
3914,134,402
3915,134,459
3916,134,636
3917,134,586
3918,134,1277
3919,134,547
3920,134,917
3921,134,1290
3922,134,308
3923,134,291
3924,134,811
3925,134,915
3926,134,1211
3927,134,758
3928,134,24
3929,134,1035
3930,134,92
3931,134,1277
3932,134,811
3933,134,57
3934,134,413
3935,134,823
3936,134,26
3937,134,645
3938,134,814
3939,134,1042
3940,134,1014
3941,134,645
3942,134,917
3943,134,824
3944,135,645
3945,135,587
3946,135,1014
3947,135,404
3948,135,238
3949,135,819
3950,135,426
3951,135,852
3952,135,1110
3953,135,548
3954,135,547
3955,135,158
3956,135,898
3957,135,1211
3958,135,884
3959,135,649
3960,135,548
3961,135,780
3962,135,645
3963,135,506
3964,135,824
3965,135,548
3966,135,506
3967,135,850
3968,135,1282
3969,135,626
3970,135,817
3971,135,311
3972,135,1282
3973,135,626
3974,136,1157
3975,136,1203
3976,136,819
3977,136,506
3978,136,645
3979,136,404
3980,136,626
3981,136,575
3982,136,898
3983,136,575
3984,136,1282
3985,136,309
3986,136,587
3987,136,309
3988,136,153
3989,136,1010
3990,136,575
3991,136,645
3992,136,153
3993,136,247
3994,136,267
3995,136,356
3996,136,506
3997,136,575
3998,136,943
3999,136,404
4000,136,575
4001,136,329
4002,136,943
4003,136,1010
4004,136,575
4005,137,1031
4006,137,587
4007,137,356
4008,137,310
4009,137,1010
4010,137,1081
4011,137,645
4012,137,587
4013,137,309
4014,137,1279
4015,137,1010
4016,137,587
4017,137,645
4018,137,356
4019,137,76
4020,137,548
4021,137,1010
4022,137,575
4023,137,356
4024,137,247
4025,137,981
4026,137,311
4027,137,645
4028,137,1041
4029,137,575
4030,137,1010
4031,137,548
4032,137,570
4033,137,1030
4034,137,238
4035,138,575
4036,138,819
4037,138,1010
4038,138,1266
4039,138,238
4040,138,587
4041,138,1302
4042,138,1259
4043,138,123
4044,138,1335
4045,138,1010
4046,138,131
4047,138,1010
4048,138,587
4049,138,367
4050,138,608
4051,138,819
4052,138,1010
4053,138,575
4054,138,1302
4055,138,1010
4056,138,1302
4057,138,268
4058,138,575
4059,138,1010
4060,138,552
4061,138,1212
4062,138,1151
4063,138,1010
4064,138,823
4065,138,1070
4066,139,575
4067,139,1070
4068,139,1314
4069,139,774
4070,139,667
4071,139,1010
4072,139,185
4073,139,1259
4074,139,587
4075,139,185
4076,139,1299
4077,139,1335
4078,139,575
4079,139,1010
4080,139,951
4081,139,1010
4082,139,779
4083,139,1010
4084,139,1353
4085,139,147
4086,139,1068
4087,139,1010
4088,139,1335
4089,139,1010
4090,139,1218
4091,139,1010
4092,139,1335
4093,139,1218
4094,139,1199
4095,139,1010
4096,139,980
4097,140,1010
4098,140,1242
4099,140,571
4100,140,1010
4101,140,1332
4102,140,1277
4103,140,1010
4104,140,1353
4105,140,1010
4106,140,521
4107,140,538
4108,140,1010
4109,140,505
4110,140,268
4111,140,1010
4112,140,1274
4113,140,1010
4114,140,179
4115,140,575
4116,140,1010
4117,140,299
4118,140,1122
4119,140,1010
4120,140,575
4121,140,608
4122,140,245
4123,140,1010
4124,140,253
4125,140,477
4126,140,1293
4127,141,268
4128,141,657
4129,141,1122
4130,141,477
4131,141,807
4132,141,298
4133,141,1335
4134,141,1010
4135,141,1115
4136,141,253
4137,141,1277
4138,141,1282
4139,141,1038
4140,141,1325
4141,141,178
4142,141,1010
4143,141,505
4144,141,1306
4145,141,1010
4146,141,575
4147,141,322
4148,141,1282
4149,141,1010
4150,141,500
4151,141,741
4152,141,867
4153,141,1038
4154,141,1010
4155,141,934
4156,141,403
4157,142,587
4158,142,403
4159,142,1010
4160,142,1010
4161,142,817
4162,142,1241
4163,142,182
4164,142,1313
4165,142,1010
4166,142,1360
4167,142,1010
4168,142,287
4169,142,284
4170,142,612
4171,142,1010
4172,142,1116
4173,142,110
4174,142,1010
4175,142,817
4176,142,284
4177,142,1010
4178,142,847
4179,142,1058
4180,142,1010
4181,142,877
4182,142,1010
4183,142,1062
4184,142,1010
4185,142,780
4186,142,1121
4187,143,1314
4188,143,1010
4189,143,185
4190,143,505
4191,143,1337
4192,143,1010
4193,143,706
4194,143,1116
4195,143,1010
4196,143,1214
4197,143,1299
4198,143,817
4199,143,1149
4200,143,903
4201,143,403
4202,143,853
4203,143,1202
4204,143,1010
4205,143,1058
4206,143,524
4207,143,1362
4208,143,979
4209,143,495
4210,143,1010
4211,143,1239
4212,143,853
4213,143,1010
4214,143,1362
4215,143,1010
4216,143,1327
4217,144,1211
4218,144,1166
4219,144,1335
4220,144,1354
4221,144,1241
4222,144,1265
4223,144,1277
4224,144,852
4225,144,975
4226,144,1289
4227,144,1334
4228,144,830
4229,144,1297
4230,144,1326
4231,144,1277
4232,144,975
4233,144,1217
4234,144,1322
4235,144,1277
4236,144,1211
4237,144,1361
4238,144,1265
4239,144,474
4240,144,1290
4241,144,482
4242,144,1318
4243,144,819
4244,144,1277
4245,144,1334
4246,144,650
4247,144,402
4248,145,587
4249,145,1211
4250,145,852
4251,145,587
4252,145,1277
4253,145,1211
4254,145,1315
4255,145,1338
4256,145,975
4257,145,1297
4258,145,1338
4259,145,1010
4260,145,975
4261,145,1290
4262,145,1297
4263,145,1211
4264,145,1290
4265,145,1194
4266,145,1211
4267,145,1265
4268,145,1277
4269,145,975
4270,145,1289
4271,145,1297
4272,145,1335
4273,145,1289
4274,145,975
4275,145,1341
4276,146,1225
4277,146,1290
4278,146,1211
4279,146,1290
4280,146,1315
4281,146,758
4282,146,1240
4283,146,1329
4284,146,1216
4285,146,939
4286,146,1290
4287,146,1277
4288,146,1296
4289,146,917
4290,146,1145
4291,146,1010
4292,146,758
4293,146,587
4294,146,1157
4295,146,1125
4296,146,548
4297,146,1016
4298,146,917
4299,146,1113
4300,146,1240
4301,146,917
4302,146,587
4303,146,1310
4304,146,662
4305,146,819
4306,146,404
4307,147,1240
4308,147,1277
4309,147,819
4310,147,806
4311,147,1225
4312,147,437
4313,147,307
4314,147,1277
4315,147,1010
4316,147,587
4317,147,1012
4318,147,393
4319,147,1010
4320,147,404
4321,147,1240
4322,147,1010
4323,147,587
4324,147,1211
4325,147,1299
4326,147,308
4327,147,649
4328,147,1277
4329,147,1240
4330,147,1211
4331,147,1277
4332,147,1203
4333,147,1284
4334,147,404
4335,147,1277
4336,147,976
4337,148,1277
4338,148,1231
4339,148,1299
4340,148,404
4341,148,1284
4342,148,1282
4343,148,1139
4344,148,1299
4345,148,645
4346,148,1277
4347,148,739
4348,148,587
4349,148,1010
4350,148,1240
4351,148,404
4352,148,267
4353,148,1277
4354,148,1299
4355,148,404
4356,148,1282
4357,148,976
4358,148,1240
4359,148,1284
4360,148,1290
4361,148,760
4362,148,1360
4363,148,1259
4364,148,1299
4365,148,1259
4366,148,1360
4367,148,1299
4368,149,404
4369,149,1211
4370,149,1010
4371,149,1211
4372,149,1299
4373,149,587
4374,149,1190
4375,149,1299
4376,149,582
4377,149,1190
4378,149,1211
4379,149,1259
4380,149,582
4381,149,1299
4382,149,1360
4383,149,310
4384,149,1277
4385,149,1299
4386,149,1301
4387,149,1315
4388,149,1240
4389,149,630
4390,149,267
4391,149,1240
4392,149,1010
4393,149,1259
4394,149,1266
4395,149,1277
4396,149,1010
4397,149,819
4398,150,1360
4399,150,1240
4400,150,1360
4401,150,1299
4402,150,1302
4403,150,268
4404,150,1010
4405,150,1240
4406,150,1205
4407,150,1302
4408,150,1277
4409,150,1315
4410,150,1302
4411,150,1211
4412,150,1315
4413,150,1360
4414,150,1240
4415,150,1277
4416,150,1360
4417,150,817
4418,150,405
4419,150,1277
4420,150,1358
4421,150,405
4422,150,1302
4423,150,1298
4424,150,100
4425,150,819
4426,150,1335
4427,150,1277
4428,150,1277
4429,151,824
4430,151,1302
4431,151,817
4432,151,823
4433,151,1335
4434,151,1228
4435,151,1240
4436,151,1266
4437,151,1360
4438,151,1314
4439,151,1212
4440,151,1282
4441,151,1259
4442,151,405
4443,151,1313
4444,151,649
4445,151,1212
4446,151,1314
4447,151,1266
4448,151,1218
4449,151,1314
4450,151,1360
4451,151,1240
4452,151,1357
4453,151,1229
4454,151,1224
4455,151,1240
4456,151,1224
4457,151,978
4458,151,1332
4459,151,1228
4460,152,1357
4461,152,980
4462,152,1332
4463,152,613
4464,152,1306
4465,152,1010
4466,152,403
4467,152,1218
4468,152,1218
4469,152,179
4470,152,42
4471,152,1190
4472,152,757
4473,152,1360
4474,152,1299
4475,152,1357
4476,152,1325
4477,152,1199
4478,152,1323
4479,152,1241
4480,152,823
4481,152,1314
4482,152,982
4483,152,1204
4484,152,1199
4485,152,754
4486,152,403
4487,152,403
4488,152,982
4489,153,1204
4490,153,403
4491,153,977
4492,153,980
4493,153,1357
4494,153,332
4495,153,1314
4496,153,1241
4497,153,817
4498,153,1215
4499,153,977
4500,153,1360
4501,153,1204
4502,153,267
4503,153,1360
4504,153,698
4505,153,1357
4506,153,1225
4507,153,403
4508,153,977
4509,153,1193
4510,153,1225
4511,153,1323
4512,153,1360
4513,153,332
4514,153,1208
4515,153,977
4516,153,1331
4517,153,1193
4518,153,1314
4519,153,1357
4520,154,1277
4521,154,1208
4522,154,1293
4523,154,1277
4524,154,1314
4525,154,1332
4526,154,982
4527,154,1210
4528,154,1293
4529,154,1277
4530,154,1335
4531,154,1305
4532,154,1277
4533,154,1241
4534,154,979
4535,154,982
4536,154,977
4537,154,1324
4538,154,1209
4539,154,1290
4540,154,1329
4541,154,698
4542,154,1210
4543,154,824
4544,154,1357
4545,154,1010
4546,154,1210
4547,154,1010
4548,154,708
4549,154,1121
4550,155,979
4551,155,1208
4552,155,1357
4553,155,1360
4554,155,975
4555,155,332
4556,155,1210
4557,155,1206
4558,155,403
4559,155,1010
4560,155,1277
4561,155,1311
4562,155,1293
4563,155,1314
4564,155,1345
4565,155,577
4566,155,979
4567,155,1277
4568,155,1210
4569,155,403
4570,155,1287
4571,155,818
4572,155,1197
4573,155,69
4574,155,1287
4575,155,1314
4576,155,772
4577,155,853
4578,156,402
4579,156,1249
4580,156,407
4581,156,852
4582,156,1297
4583,156,1211
4584,156,587
4585,156,1249
4586,156,1241
4587,156,1265
4588,156,1249
4589,156,975
4590,156,402
4591,156,1265
4592,156,1334
4593,156,1312
4594,156,578
4595,156,474
4596,156,1361
4597,156,1217
4598,156,975
4599,156,650
4600,156,1334
4601,156,1361
4602,156,1361
4603,156,1329
4604,156,1211
4605,156,1290
4606,156,1277
4607,156,1016
4608,156,975
4609,157,402
4610,157,122
4611,157,750
4612,157,1329
4613,157,402
4614,157,819
4615,157,1334
4616,157,852
4617,157,1290
4618,157,1265
4619,157,1334
4620,157,1277
4621,157,1194
4622,157,1315
4623,157,1334
4624,157,1297
4625,157,1010
4626,157,852
4627,157,402
4628,157,1194
4629,157,1016
4630,157,1341
4631,157,1211
4632,157,1249
4633,157,1240
4634,157,285
4635,157,1194
4636,157,1249
4637,158,1289
4638,158,1297
4639,158,1277
4640,158,1336
4641,158,402
4642,158,1290
4643,158,1212
4644,158,1341
4645,158,1297
4646,158,1277
4647,158,1289
4648,158,1157
4649,158,582
4650,158,1016
4651,158,1250
4652,158,1211
4653,158,548
4654,158,917
4655,158,1211
4656,158,758
4657,158,1249
4658,158,1225
4659,158,587
4660,158,425
4661,158,404
4662,158,1249
4663,158,548
4664,158,1277
4665,158,1346
4666,158,1277
4667,158,1124
4668,159,819
4669,159,1240
4670,159,852
4671,159,1240
4672,159,393
4673,159,587
4674,159,582
4675,159,1240
4676,159,1315
4677,159,976
4678,159,1211
4679,159,1016
4680,159,506
4681,159,587
4682,159,393
4683,159,1016
4684,159,1225
4685,159,1282
4686,159,649
4687,159,740
4688,159,819
4689,159,898
4690,159,1299
4691,159,1340
4692,159,898
4693,159,1211
4694,159,852
4695,159,1240
4696,159,1010
4697,160,819
4698,160,289
4699,160,1360
4700,160,587
4701,160,76
4702,160,1010
4703,160,266
4704,160,1240
4705,160,1360
4706,160,876
4707,160,1211
4708,160,1299
4709,160,819
4710,160,1282
4711,160,1277
4712,160,1299
4713,160,1211
4714,160,1360
4715,160,976
4716,160,1360
4717,160,1299
4718,160,1277
4719,160,1259
4720,160,819
4721,160,1299
4722,160,1240
4723,160,1360
4724,160,1240
4725,160,1284
4726,160,1299
4727,160,819
4728,161,1360
4729,161,1299
4730,161,1259
4731,161,1360
4732,161,1259
4733,161,1360
4734,161,1259
4735,161,1211
4736,161,1360
4737,161,1315
4738,161,1360
4739,161,1277
4740,161,1211
4741,161,649
4742,161,1211
4743,161,819
4744,161,1360
4745,161,1219
4746,161,1240
4747,161,1266
4748,161,822
4749,161,1360
4750,161,1211
4751,161,1360
4752,161,1277
4753,161,1240
4754,161,1211
4755,161,1299
4756,161,1211
4757,161,1302
4758,162,1259
4759,162,1211
4760,162,1302
4761,162,1315
4762,162,1240
4763,162,1299
4764,162,1360
4765,162,1302
4766,162,1360
4767,162,1211
4768,162,1360
4769,162,1240
4770,162,1277
4771,162,821
4772,162,1298
4773,162,1211
4774,162,1333
4775,162,1298
4776,162,1315
4777,162,1277
4778,162,1360
4779,162,1212
4780,162,1290
4781,162,1360
4782,162,1315
4783,162,1360
4784,162,1333
4785,162,1298
4786,162,1360
4787,162,649
4788,162,1314
4789,163,1240
4790,163,1315
4791,163,1277
4792,163,1360
4793,163,1314
4794,163,1360
4795,163,819
4796,163,1212
4797,163,1010
4798,163,1359
4799,163,1290
4800,163,1277
4801,163,1240
4802,163,1290
4803,163,1360
4804,163,982
4805,163,1299
4806,163,613
4807,163,1335
4808,163,1283
4809,163,1357
4810,163,1286
4811,163,649
4812,163,1360
4813,163,1353
4814,163,1218
4815,163,1360
4816,163,1229
4817,163,1306
4818,163,1224
4819,163,1277
4820,164,824
4821,164,1357
4822,164,1360
4823,164,980
4824,164,823
4825,164,1218
4826,164,1218
4827,164,1199
4828,164,1014
4829,164,1251
4830,164,403
4831,164,801
4832,164,1357
4833,164,980
4834,164,1360
4835,164,477
4836,164,268
4837,164,1241
4838,164,1360
4839,164,980
4840,164,1306
4841,164,1199
4842,164,891
4843,164,1010
4844,164,1300
4845,164,1360
4846,164,1229
4847,164,1314
4848,164,980
4849,165,1300
4850,165,1360
4851,165,1306
4852,165,982
4853,165,1314
4854,165,1208
4855,165,1226
4856,165,1199
4857,165,1360
4858,165,1306
4859,165,982
4860,165,1226
4861,165,982
4862,165,1208
4863,165,1277
4864,165,1226
4865,165,982
4866,165,1241
4867,165,1293
4868,165,1229
4869,165,1360
4870,165,982
4871,165,979
4872,165,1226
4873,165,1190
4874,165,1360
4875,165,484
4876,165,1241
4877,165,1311
4878,165,979
4879,165,1360
4880,166,1311
4881,166,1241
4882,166,1241
4883,166,982
4884,166,1299
4885,166,1311
4886,166,1360
4887,166,1314
4888,166,1241
4889,166,111
4890,166,1314
4891,166,1210
4892,166,747
4893,166,1230
4894,166,1314
4895,166,1277
4896,166,1299
4897,166,1193
4898,166,1314
4899,166,1162
4900,166,1291
4901,166,525
4902,166,218
4903,166,1291
4904,166,1304
4905,166,1360
4906,166,1314
4907,166,1193
4908,166,1210
4909,166,1357
4910,167,938
4911,167,1164
4912,167,1314
4913,167,1064
4914,167,1311
4915,167,1314
4916,167,708
4917,167,1360
4918,167,1208
4919,167,982
4920,167,1192
4921,167,460
4922,167,1293
4923,167,704
4924,167,982
4925,167,1207
4926,167,460
4927,167,1197
4928,167,1241
4929,167,773
4930,167,818
4931,167,460
4932,167,773
4933,167,1238
4934,167,1277
4935,167,1291
4936,167,1277
4937,167,1360
4938,167,1277
4939,167,328
4940,168,1297
4941,168,852
4942,168,1289
4943,168,975
4944,168,1249
4945,168,946
4946,168,1297
4947,168,819
4948,168,1277
4949,168,1249
4950,168,852
4951,168,1289
4952,168,819
4953,168,824
4954,168,1217
4955,168,1289
4956,168,975
4957,168,650
4958,168,1312
4959,168,1361
4960,168,852
4961,168,1322
4962,168,1329
4963,168,975
4964,168,1312
4965,168,1265
4966,168,750
4967,168,1312
4968,168,1322
4969,168,1217
4970,169,975
4971,169,1290
4972,169,1329
4973,169,852
4974,169,237
4975,169,1297
4976,169,1211
4977,169,1346
4978,169,50
4979,169,1265
4980,169,587
4981,169,1297
4982,169,1338
4983,169,975
4984,169,1328
4985,169,1335
4986,169,975
4987,169,238
4988,169,1297
4989,169,1315
4990,169,1315
4991,169,1346
4992,169,1289
4993,169,975
4994,169,1297
4995,169,1315
4996,169,1277
4997,170,1329
4998,170,1335
4999,170,1297
5000,170,972
5001,170,1297
5002,170,1341
5003,170,523
5004,170,1290
5005,170,1240
5006,170,1315
5007,170,1336
5008,170,1290
5009,170,1225
5010,170,1277
5011,170,1240
5012,170,1335
5013,170,923
5014,170,1296
5015,170,654
5016,170,1277
5017,170,1240
5018,170,1277
5019,170,404
5020,170,1225
5021,170,662
5022,170,852
5023,170,1240
5024,171,1016
5025,171,404
5026,171,662
5027,171,582
5028,171,1277
5029,171,1240
5030,171,404
5031,171,1225
5032,171,223
5033,171,649
5034,171,1277
5035,171,1240
5036,171,238
5037,171,1277
5038,171,393
5039,171,1277
5040,171,819
5041,171,1240
5042,171,898
5043,171,1284
5044,171,1016
5045,171,817
5046,171,1240
5047,171,976
5048,171,1211
5049,171,1299
5050,172,898
5051,172,517
5052,172,582
5053,172,1240
5054,172,1277
5055,172,976
5056,172,1282
5057,172,329
5058,172,1203
5059,172,1240
5060,172,1277
5061,172,1299
5062,172,1240
5063,172,976
5064,172,404
5065,172,1240
5066,172,1211
5067,172,1360
5068,172,1360
5069,172,1211
5070,172,1322
5071,172,1211
5072,172,976
5073,172,1211
5074,172,1277
5075,172,1360
5076,172,1211
5077,172,1322
5078,173,1240
5079,173,1299
5080,173,237
5081,173,1240
5082,173,1211
5083,173,575
5084,173,1240
5085,173,1259
5086,173,238
5087,173,1299
5088,173,1360
5089,173,1259
5090,173,645
5091,173,1240
5092,173,1329
5093,173,1315
5094,173,1360
5095,173,1277
5096,173,120
5097,173,575
5098,173,1240
5099,173,649
5100,173,405
5101,173,1299
5102,173,1335
5103,173,1360
5104,173,1240
5105,174,1236
5106,174,924
5107,174,1335
5108,174,1277
5109,174,405
5110,174,1240
5111,174,852
5112,174,1315
5113,174,1240
5114,174,1298
5115,174,1302
5116,174,1240
5117,174,1277
5118,174,1335
5119,174,1211
5120,174,1302
5121,174,1240
5122,174,1290
5123,174,1240
5124,174,221
5125,174,1277
5126,174,1240
5127,174,1266
5128,174,1240
5129,174,941
5130,174,1240
5131,175,1277
5132,175,1266
5133,175,1240
5134,175,1282
5135,175,1277
5136,175,1333
5137,175,1304
5138,175,1240
5139,175,1277
5140,175,1282
5141,175,186
5142,175,1277
5143,175,1314
5144,175,1284
5145,175,1240
5146,175,1240
5147,175,1240
5148,175,1259
5149,175,1240
5150,175,1283
5151,175,1277
5152,175,1240
5153,175,1266
5154,175,1353
5155,175,980
5156,175,1277
5157,175,1317
5158,176,1218
5159,176,649
5160,176,1353
5161,176,1241
5162,176,1218
5163,176,1360
5164,176,1283
5165,176,817
5166,176,544
5167,176,1165
5168,176,477
5169,176,1357
5170,176,259
5171,176,1228
5172,176,1360
5173,176,503
5174,176,1208
5175,176,403
5176,176,1204
5177,176,403
5178,176,1360
5179,176,1357
5180,176,1226
5181,176,1241
5182,177,1357
5183,177,1208
5184,177,268
5185,177,1360
5186,177,1229
5187,177,1277
5188,177,1208
5189,177,403
5190,177,403
5191,177,1277
5192,177,1344
5193,177,1244
5194,177,817
5195,177,1208
5196,177,268
5197,177,1241
5198,177,979
5199,177,1277
5200,177,1208
5201,177,1299
5202,178,979
5203,178,1332
5204,178,1327
5205,178,1277
5206,178,819
5207,178,979
5208,178,1241
5209,178,819
5210,178,1208
5211,178,463
5212,178,300
5213,178,1277
5214,178,1226
5215,178,1210
5216,178,1314
5217,178,1349
5218,178,1277
5219,178,1121
5220,178,706
5221,179,249
5222,179,12
5223,179,1287
5224,179,979
5225,179,707
5226,179,982
5227,179,1277
5228,179,847
5229,179,1291
5230,179,1287
5231,179,687
5232,179,1105
5233,179,740
5234,179,403
5235,179,73
5236,179,1208
5237,179,938
5238,179,920
5239,179,250
5240,180,927
5241,180,975
5242,180,946
5243,180,1133
5244,180,820
5245,180,50
5246,180,50
5247,180,946
5248,180,1133
5249,180,820
5250,180,750
5251,180,713
5252,180,475
5253,180,50
5254,180,750
5255,180,475
5256,180,713
5257,180,50
5258,180,766
5259,180,533
5260,180,750
5261,180,766
5262,180,402
5263,180,50
5264,180,1297
5265,180,753
5266,180,50
5267,180,402
5268,180,819
5269,180,752
5270,181,1087
5271,181,767
5272,181,1133
5273,181,50
5274,181,824
5275,181,50
5276,181,752
5277,181,402
5278,181,1338
5279,181,824
5280,181,1106
5281,181,1133
5282,181,1129
5283,181,50
5284,181,923
5285,181,852
5286,181,1133
5287,181,768
5288,181,50
5289,181,1315
5290,181,923
5291,181,767
5292,181,50
5293,181,424
5294,181,402
5295,181,1016
5296,181,1290
5297,181,939
5298,182,285
5299,182,1211
5300,182,238
5301,182,1212
5302,182,923
5303,182,1289
5304,182,811
5305,182,823
5306,182,948
5307,182,1212
5308,182,874
5309,182,50
5310,182,1083
5311,182,1080
5312,182,916
5313,182,587
5314,182,291
5315,182,1080
5316,182,923
5317,182,587
5318,182,318
5319,182,1080
5320,182,923
5321,182,224
5322,182,852
5323,183,222
5324,183,852
5325,183,587
5326,183,50
5327,183,1083
5328,183,1109
5329,183,819
5330,183,1088
5331,183,341
5332,183,1088
5333,183,1240
5334,183,852
5335,183,817
5336,183,1080
5337,183,311
5338,183,1187
5339,183,1109
5340,183,1088
5341,183,819
5342,183,311
5343,183,1138
5344,183,1010
5345,183,312
5346,184,1022
5347,184,1282
5348,184,1024
5349,184,895
5350,184,755
5351,184,817
5352,184,76
5353,184,515
5354,184,76
5355,184,749
5356,184,582
5357,184,575
5358,184,733
5359,184,582
5360,184,575
5361,184,993
5362,184,1086
5363,184,734
5364,184,1211
5365,184,733
5366,184,858
5367,184,976
5368,184,575
5369,184,515
5370,184,759
5371,185,1024
5372,185,575
5373,185,775
5374,185,267
5375,185,733
5376,185,575
5377,185,405
5378,185,1024
5379,185,267
5380,185,1024
5381,185,516
5382,185,760
5383,185,1177
5384,185,405
5385,185,1081
5386,185,267
5387,185,575
5388,185,311
5389,185,405
5390,185,649
5391,185,222
5392,185,725
5393,186,405
5394,186,237
5395,186,405
5396,186,575
5397,186,77
5398,186,1315
5399,186,224
5400,186,268
5401,186,819
5402,186,50
5403,186,405
5404,186,237
5405,186,1360
5406,186,405
5407,186,740
5408,186,984
5409,186,575
5410,186,405
5411,186,1240
5412,186,1024
5413,186,50
5414,186,351
5415,186,823
5416,186,221
5417,186,405
5418,186,1024
5419,186,895
5420,187,50
5421,187,1138
5422,187,1024
5423,187,1017
5424,187,1015
5425,187,405
5426,187,1335
5427,187,1277
5428,187,859
5429,187,779
5430,187,351
5431,187,1024
5432,187,627
5433,187,224
5434,187,405
5435,187,1136
5436,187,1024
5437,187,822
5438,187,1303
5439,187,859
5440,187,1157
5441,187,1360
5442,187,332
5443,188,224
5444,188,940
5445,188,71
5446,188,332
5447,188,1353
5448,188,50
5449,188,1241
5450,188,1314
5451,188,1024
5452,188,50
5453,188,224
5454,188,453
5455,188,477
5456,188,224
5457,188,403
5458,188,819
5459,188,111
5460,188,940
5461,188,403
5462,188,222
5463,188,268
5464,188,1019
5465,188,332
5466,188,938
5467,188,224
5468,189,403
5469,189,50
5470,189,575
5471,189,112
5472,189,520
5473,189,1116
5474,189,575
5475,189,268
5476,189,575
5477,189,50
5478,189,575
5479,189,1069
5480,189,332
5481,189,464
5482,189,949
5483,189,332
5484,189,817
5485,189,740
5486,189,819
5487,189,949
5488,189,1273
5489,189,770
5490,189,909
5491,189,50
5492,190,1227
5493,190,1189
5494,190,1155
5495,190,74
5496,190,49
5497,190,1115
5498,190,746
5499,190,332
5500,190,110
5501,190,50
5502,190,740
5503,190,332
5504,190,847
5505,190,218
5506,190,227
5507,190,909
5508,190,1111
5509,190,1273
5510,190,1111
5511,190,74
5512,190,979
5513,190,877
5514,191,403
5515,191,99
5516,191,50
5517,191,938
5518,191,877
5519,191,74
5520,191,817
5521,191,48
5522,191,817
5523,191,920
5524,191,48
5525,191,877
5526,191,1314
5527,191,1182
5528,191,773
5529,191,938
5530,191,740
5531,191,50
5532,191,920
5533,191,49
5534,191,422
5535,191,126
5536,191,460
5537,191,1314
5538,191,132
5539,192,1133
5540,192,937
5541,192,50
5542,192,402
5543,192,946
5544,192,824
5545,192,937
5546,192,1211
5547,192,50
5548,192,830
5549,192,1123
5550,192,947
5551,192,918
5552,192,171
5553,192,30
5554,192,1123
5555,192,402
5556,192,750
5557,192,441
5558,192,823
5559,192,50
5560,192,432
5561,192,1297
5562,192,443
5563,192,1249
5564,192,50
5565,192,1129
5566,192,750
5567,192,927
5568,192,1123
5569,192,50
5570,193,1133
5571,193,140
5572,193,753
5573,193,341
5574,193,1129
5575,193,1133
5576,193,50
5577,193,443
5578,193,750
5579,193,1046
5580,193,46
5581,193,1211
5582,193,50
5583,193,402
5584,193,423
5585,193,341
5586,193,341
5587,193,402
5588,193,340
5589,193,423
5590,193,50
5591,193,1123
5592,193,1297
5593,193,923
5594,193,140
5595,193,1211
5596,193,402
5597,193,1004
5598,194,50
5599,194,448
5600,194,1133
5601,194,1006
5602,194,819
5603,194,447
5604,194,50
5605,194,1133
5606,194,1080
5607,194,989
5608,194,587
5609,194,448
5610,194,291
5611,194,26
5612,194,582
5613,194,1080
5614,194,923
5615,194,341
5616,194,823
5617,194,412
5618,194,1125
5619,194,819
5620,194,308
5621,194,1080
5622,194,1080
5623,194,291
5624,194,1113
5625,194,587
5626,194,917
5627,194,223
5628,194,852
5629,195,548
5630,195,307
5631,195,441
5632,195,166
5633,195,996
5634,195,923
5635,195,1088
5636,195,437
5637,195,1133
5638,195,1080
5639,195,437
5640,195,447
5641,195,800
5642,195,852
5643,195,1133
5644,195,917
5645,195,1133
5646,195,824
5647,195,749
5648,195,1010
5649,195,515
5650,195,312
5651,195,441
5652,195,1109
5653,195,749
5654,195,1127
5655,195,441
5656,195,45
5657,195,1157
5658,195,506
5659,196,546
5660,196,1138
5661,196,353
5662,196,506
5663,196,311
5664,196,1123
5665,196,448
5666,196,339
5667,196,582
5668,196,1157
5669,196,1133
5670,196,645
5671,196,352
5672,196,1031
5673,196,340
5674,196,353
5675,196,310
5676,196,823
5677,196,740
5678,196,546
5679,196,309
5680,196,639
5681,196,817
5682,196,309
5683,196,522
5684,196,582
5685,196,575
5686,197,733
5687,197,817
5688,197,582
5689,197,943
5690,197,1139
5691,197,65
5692,197,575
5693,197,819
5694,197,1133
5695,197,645
5696,197,1086
5697,197,267
5698,197,760
5699,197,65
5700,197,446
5701,197,819
5702,197,1026
5703,197,1139
5704,197,50
5705,197,582
5706,197,238
5707,197,50
5708,197,120
5709,197,1024
5710,197,740
5711,197,130
5712,197,405
5713,197,341
5714,198,65
5715,198,267
5716,198,1026
5717,198,829
5718,198,819
5719,198,1335
5720,198,819
5721,198,65
5722,198,120
5723,198,1127
5724,198,224
5725,198,238
5726,198,224
5727,198,1024
5728,198,1070
5729,198,499
5730,198,268
5731,198,1133
5732,198,1211
5733,198,1335
5734,198,819
5735,198,1360
5736,198,206
5737,198,1038
5738,198,1133
5739,198,1228
5740,198,1277
5741,198,1212
5742,198,1360
5743,198,342
5744,199,944
5745,199,649
5746,199,100
5747,199,1302
5748,199,859
5749,199,1138
5750,199,779
5751,199,1024
5752,199,774
5753,199,649
5754,199,1123
5755,199,1133
5756,199,253
5757,199,779
5758,199,253
5759,199,1133
5760,199,1277
5761,199,1024
5762,199,185
5763,199,859
5764,199,343
5765,199,859
5766,199,224
5767,199,268
5768,199,912
5769,199,221
5770,199,860
5771,199,1157
5772,200,254
5773,200,1218
5774,200,1277
5775,200,1123
5776,200,1299
5777,200,268
5778,200,649
5779,200,1283
5780,200,403
5781,200,71
5782,200,438
5783,200,253
5784,200,593
5785,200,1133
5786,200,1133
5787,200,288
5788,200,1038
5789,200,268
5790,200,288
5791,200,1335
5792,200,352
5793,200,1123
5794,200,1183
5795,200,740
5796,200,301
5797,200,819
5798,200,823
5799,200,823
5800,201,343
5801,201,1133
5802,201,694
5803,201,1185
5804,201,50
5805,201,1133
5806,201,980
5807,201,593
5808,201,288
5809,201,1133
5810,201,1180
5811,201,1133
5812,201,49
5813,201,1116
5814,201,694
5815,201,353
5816,201,1180
5817,201,1133
5818,201,6
5819,201,1273
5820,201,1227
5821,201,1355
5822,201,982
5823,201,403
5824,201,877
5825,201,332
5826,201,1133
5827,201,352
5828,202,694
5829,202,877
5830,202,1133
5831,202,403
5832,202,1227
5833,202,1133
5834,202,877
5835,202,332
5836,202,50
5837,202,403
5838,202,70
5839,202,332
5840,202,877
5841,202,403
5842,202,111
5843,202,979
5844,202,817
5845,202,1133
5846,202,330
5847,202,1115
5848,202,50
5849,202,403
5850,202,746
5851,202,708
5852,202,818
5853,202,332
5854,202,920
5855,202,460
5856,202,50
5857,203,403
5858,203,707
5859,203,847
5860,203,728
5861,203,1210
5862,203,824
5863,203,746
5864,203,49
5865,203,1133
5866,203,1121
5867,203,823
5868,203,1133
5869,203,332
5870,203,50
5871,203,773
5872,203,332
5873,203,817
5874,203,1133
5875,203,74
5876,203,1133
5877,203,1287
5878,203,902
5879,203,422
5880,203,16
5881,203,746
5882,203,708
5883,203,979
5884,203,817
5885,203,920
5886,203,403
5887,203,49
5888,204,256
5889,204,1123
5890,204,1129
5891,204,830
5892,204,1127
5893,204,1133
5894,204,1133
5895,204,1127
5896,204,162
5897,204,1211
5898,204,1079
5899,204,162
5900,204,629
5901,204,1211
5902,204,1079
5903,204,1133
5904,204,443
5905,204,1079
5906,204,50
5907,204,424
5908,204,1133
5909,204,1123
5910,204,424
5911,204,75
5912,204,423
5913,204,1010
5914,204,1133
5915,204,1211
5916,204,1297
5917,204,1133
5918,204,442
5919,205,1123
5920,205,423
5921,205,1129
5922,205,1120
5923,205,1133
5924,205,1120
5925,205,440
5926,205,341
5927,205,423
5928,205,439
5929,205,257
5930,205,1129
5931,205,1123
5932,205,1133
5933,205,1127
5934,205,1129
5935,205,440
5936,205,424
5937,205,1133
5938,205,447
5939,205,1290
5940,205,339
5941,205,1133
5942,205,758
5943,205,972
5944,205,939
5945,205,820
5946,205,1127
5947,206,1123
5948,206,1133
5949,206,339
5950,206,291
5951,206,1129
5952,206,1123
5953,206,1005
5954,206,1127
5955,206,341
5956,206,291
5957,206,1133
5958,206,1038
5959,206,443
5960,206,447
5961,206,1131
5962,206,1133
5963,206,917
5964,206,1123
5965,206,449
5966,206,423
5967,206,1036
5968,206,426
5969,206,1038
5970,206,1080
5971,206,817
5972,206,1109
5973,206,291
5974,206,339
5975,206,1127
5976,206,1133
5977,206,449
5978,207,1133
5979,207,156
5980,207,449
5981,207,824
5982,207,340
5983,207,1075
5984,207,1127
5985,207,341
5986,207,437
5987,207,166
5988,207,999
5989,207,441
5990,207,1133
5991,207,341
5992,207,1123
5993,207,1126
5994,207,441
5995,207,1133
5996,207,824
5997,207,1187
5998,207,437
5999,207,447
6000,207,506
6001,207,341
6002,207,1138
6003,207,441
6004,207,819
6005,207,506
6006,207,449
6007,208,341
6008,208,1133
6009,208,1107
6010,208,1133
6011,208,340
6012,208,1127
6013,208,339
6014,208,1133
6015,208,546
6016,208,353
6017,208,449
6018,208,1126
6019,208,1126
6020,208,441
6021,208,1123
6022,208,353
6023,208,1126
6024,208,1126
6025,208,1129
6026,208,1139
6027,208,546
6028,208,1128
6029,208,341
6030,208,309
6031,208,1127
6032,208,1174
6033,208,582
6034,208,1138
6035,208,639
6036,208,339
6037,209,582
6038,209,516
6039,209,582
6040,209,341
6041,209,1138
6042,209,1123
6043,209,353
6044,209,759
6045,209,994
6046,209,1138
6047,209,444
6048,209,582
6049,209,760
6050,209,351
6051,209,1127
6052,209,65
6053,209,1138
6054,209,943
6055,209,351
6056,209,120
6057,209,341
6058,209,582
6059,209,65
6060,209,1133
6061,209,1211
6062,209,65
6063,209,926
6064,209,339
6065,209,65
6066,209,339
6067,210,1123
6068,210,1133
6069,210,1127
6070,210,342
6071,210,1123
6072,210,1211
6073,210,548
6074,210,444
6075,210,1129
6076,210,1123
6077,210,1133
6078,210,943
6079,210,1335
6080,210,1123
6081,210,1133
6082,210,1123
6083,210,1138
6084,210,760
6085,210,444
6086,210,1211
6087,210,342
6088,210,1133
6089,210,1128
6090,210,1133
6091,210,1126
6092,210,253
6093,210,1010
6094,210,608
6095,210,118
6096,210,860
6097,210,1119
6098,211,1133
6099,211,342
6100,211,117
6101,211,1138
6102,211,342
6103,211,1123
6104,211,1133
6105,211,344
6106,211,1126
6107,211,120
6108,211,342
6109,211,824
6110,211,342
6111,211,1129
6112,211,1123
6113,211,859
6114,211,1129
6115,211,1133
6116,211,1127
6117,211,1123
6118,211,1228
6119,211,1127
6120,211,1132
6121,211,1229
6122,211,1283
6123,211,565
6124,211,824
6125,211,1283
6126,211,1298
6127,211,912
6128,211,1218
6129,212,1123
6130,212,1133
6131,212,1218
6132,212,1357
6133,212,344
6134,212,441
6135,212,1353
6136,212,1357
6137,212,823
6138,212,1126
6139,212,342
6140,212,856
6141,212,1123
6142,212,353
6143,212,342
6144,212,982
6145,212,1123
6146,212,1127
6147,212,978
6148,212,1128
6149,212,856
6150,212,1126
6151,212,342
6152,212,1128
6153,212,978
6154,212,982
6155,212,288
6156,212,703
6157,212,1123
6158,212,707
6159,213,1123
6160,213,823
6161,213,1127
6162,213,817
6163,213,1126
6164,213,824
6165,213,1127
6166,213,700
6167,213,342
6168,213,1123
6169,213,1314
6170,213,699
6171,213,1128
6172,213,119
6173,213,342
6174,213,823
6175,213,699
6176,213,979
6177,213,1123
6178,213,344
6179,213,353
6180,213,1133
6181,213,698
6182,213,823
6183,213,982
6184,213,1227
6185,213,817
6186,213,695
6187,213,344
6188,213,1123
6189,214,1128
6190,214,1123
6191,214,696
6192,214,823
6193,214,1127
6194,214,823
6195,214,1127
6196,214,1123
6197,214,111
6198,214,343
6199,214,111
6200,214,1128
6201,214,1133
6202,214,1123
6203,214,680
6204,214,1127
6205,214,1123
6206,214,824
6207,214,1126
6208,214,403
6209,214,1123
6210,214,1115
6211,214,403
6212,214,746
6213,214,403
6214,214,1046
6215,214,847
6216,214,818
6217,214,1123
6218,214,1127
6219,215,1133
6220,215,332
6221,215,1123
6222,215,1133
6223,215,1126
6224,215,403
6225,215,746
6226,215,847
6227,215,1127
6228,215,704
6229,215,1123
6230,215,1126
6231,215,1123
6232,215,1123
6233,215,823
6234,215,50
6235,215,1126
6236,215,403
6237,215,1123
6238,215,1316
6239,215,824
6240,215,50
6241,215,1127
6242,215,403
6243,215,1133
6244,215,332
6245,215,706
6246,215,746
6247,215,1133
6248,215,1123
6249,216,1046
6250,216,1129
6251,216,162
6252,216,30
6253,216,927
6254,216,830
6255,216,162
6256,216,256
6257,216,1046
6258,216,1129
6259,216,171
6260,216,1127
6261,216,50
6262,216,1133
6263,216,1127
6264,216,533
6265,216,171
6266,216,475
6267,216,927
6268,216,1129
6269,216,441
6270,216,823
6271,216,280
6272,216,1211
6273,216,1127
6274,216,1133
6275,216,75
6276,216,824
6277,216,820
6278,216,1127
6279,216,439
6280,217,341
6281,217,1129
6282,217,423
6283,217,1133
6284,217,256
6285,217,441
6286,217,424
6287,217,1123
6288,217,1129
6289,217,440
6290,217,440
6291,217,92
6292,217,402
6293,217,447
6294,217,823
6295,217,439
6296,217,424
6297,217,1133
6298,217,1127
6299,217,443
6300,217,424
6301,217,824
6302,217,1129
6303,217,824
6304,217,587
6305,217,824
6306,217,917
6307,217,1133
6308,218,424
6309,218,443
6310,218,1123
6311,218,449
6312,218,339
6313,218,1129
6314,218,913
6315,218,1123
6316,218,443
6317,218,1123
6318,218,44
6319,218,1123
6320,218,339
6321,218,1038
6322,218,926
6323,218,424
6324,218,339
6325,218,44
6326,218,291
6327,218,917
6328,218,424
6329,218,916
6330,218,548
6331,218,548
6332,218,44
6333,218,423
6334,218,166
6335,218,1034
6336,218,448
6337,218,341
6338,218,1126
6339,219,1127
6340,219,339
6341,219,1123
6342,219,307
6343,219,1123
6344,219,1127
6345,219,1075
6346,219,449
6347,219,1123
6348,219,1126
6349,219,420
6350,219,1129
6351,219,1123
6352,219,339
6353,219,1126
6354,219,443
6355,219,1110
6356,219,341
6357,219,1126
6358,219,1109
6359,219,1187
6360,219,341
6361,219,515
6362,219,443
6363,219,1127
6364,219,396
6365,219,415
6366,219,819
6367,219,443
6368,219,1139
6369,220,1123
6370,220,45
6371,220,1127
6372,220,76
6373,220,1126
6374,220,1139
6375,220,437
6376,220,1129
6377,220,441
6378,220,441
6379,220,1126
6380,220,1139
6381,220,341
6382,220,449
6383,220,1139
6384,220,1126
6385,220,76
6386,220,1123
6387,220,1126
6388,220,339
6389,220,1127
6390,220,253
6391,220,76
6392,220,582
6393,220,1138
6394,220,76
6395,220,639
6396,220,943
6397,220,546
6398,220,733
6399,220,1139
6400,221,351
6401,221,1127
6402,221,1139
6403,221,943
6404,221,352
6405,221,759
6406,221,1127
6407,221,759
6408,221,1127
6409,221,1133
6410,221,351
6411,221,1138
6412,221,341
6413,221,760
6414,221,1138
6415,221,341
6416,221,548
6417,221,340
6418,221,548
6419,221,1177
6420,221,943
6421,221,759
6422,221,943
6423,221,548
6424,221,819
6425,221,943
6426,221,759
6427,221,120
6428,221,444
6429,221,1133
6430,222,444
6431,222,546
6432,222,1123
6433,222,759
6434,222,221
6435,222,760
6436,222,120
6437,222,1133
6438,222,1024
6439,222,344
6440,222,759
6441,222,356
6442,222,759
6443,222,356
6444,222,353
6445,222,943
6446,222,1126
6447,222,1123
6448,222,759
6449,222,1128
6450,222,243
6451,222,444
6452,222,1123
6453,222,342
6454,222,1123
6455,222,859
6456,222,1360
6457,222,117
6458,222,859
6459,222,941
6460,222,1126
6461,223,351
6462,223,419
6463,223,1133
6464,223,1127
6465,223,824
6466,223,74
6467,223,1126
6468,223,1123
6469,223,859
6470,223,1123
6471,223,1127
6472,223,445
6473,223,859
6474,223,1123
6475,223,343
6476,223,1123
6477,223,1128
6478,223,1133
6479,223,823
6480,223,982
6481,223,1133
6482,223,1123
6483,223,823
6484,223,740
6485,223,1129
6486,223,1277
6487,223,1283
6488,223,819
6489,223,1218
6490,223,398
6491,223,1357
6492,224,353
6493,224,446
6494,224,1306
6495,224,823
6496,224,1277
6497,224,352
6498,224,1123
6499,224,351
6500,224,980
6501,224,342
6502,224,1123
6503,224,819
6504,224,908
6505,224,1127
6506,224,824
6507,224,1127
6508,224,342
6509,224,980
6510,224,823
6511,224,1123
6512,224,982
6513,224,1123
6514,224,288
6515,224,980
6516,224,856
6517,224,823
6518,224,1175
6519,224,1128
6520,224,353
6521,224,1127
6522,225,458
6523,225,1175
6524,225,288
6525,225,1123
6526,225,342
6527,225,1123
6528,225,445
6529,225,288
6530,225,1123
6531,225,1128
6532,225,1115
6533,225,1127
6534,225,823
6535,225,817
6536,225,419
6537,225,459
6538,225,1123
6539,225,1126
6540,225,1008
6541,225,49
6542,225,699
6543,225,1123
6544,225,48
6545,225,133
6546,225,1277
6547,225,699
6548,225,696
6549,225,982
6550,225,119
6551,225,110
6552,225,823
6553,226,343
6554,226,823
6555,226,48
6556,226,700
6557,226,1123
6558,226,342
6559,226,111
6560,226,351
6561,226,699
6562,226,1128
6563,226,823
6564,226,1123
6565,226,351
6566,226,1128
6567,226,1133
6568,226,353
6569,226,1133
6570,226,824
6571,226,823
6572,226,342
6573,226,1133
6574,226,1293
6575,226,1133
6576,226,1013
6577,226,403
6578,226,705
6579,226,403
6580,226,1127
6581,226,343
6582,227,1123
6583,227,119
6584,227,824
6585,227,1134
6586,227,1121
6587,227,1123
6588,227,1127
6589,227,403
6590,227,728
6591,227,434
6592,227,118
6593,227,403
6594,227,1127
6595,227,710
6596,227,1133
6597,227,1123
6598,227,705
6599,227,823
6600,227,1126
6601,227,726
6602,227,746
6603,227,729
6604,227,1133
6605,227,1316
6606,227,773
6607,227,50
6608,227,403
6609,227,1210
6610,227,823
6611,227,979
6612,228,162
6613,228,830
6614,228,30
6615,228,1046
6616,228,1099
6617,228,256
6618,228,1046
6619,228,830
6620,228,1079
6621,228,256
6622,228,424
6623,228,533
6624,228,82
6625,228,256
6626,228,424
6627,228,162
6628,228,927
6629,228,30
6630,228,4
6631,228,390
6632,228,424
6633,228,402
6634,228,830
6635,228,750
6636,228,753
6637,228,140
6638,228,256
6639,228,927
6640,228,750
6641,228,424
6642,229,753
6643,229,750
6644,229,256
6645,229,140
6646,229,830
6647,229,341
6648,229,1123
6649,229,256
6650,229,718
6651,229,852
6652,229,753
6653,229,449
6654,229,256
6655,229,92
6656,229,341
6657,229,50
6658,229,923
6659,229,447
6660,229,92
6661,229,402
6662,229,341
6663,229,92
6664,229,1123
6665,229,449
6666,229,291
6667,229,913
6668,229,339
6669,229,50
6670,230,447
6671,230,285
6672,230,917
6673,230,915
6674,230,50
6675,230,939
6676,230,1289
6677,230,548
6678,230,917
6679,230,582
6680,230,50
6681,230,24
6682,230,1133
6683,230,1123
6684,230,1042
6685,230,424
6686,230,291
6687,230,1127
6688,230,1036
6689,230,402
6690,230,1292
6691,230,1038
6692,230,1110
6693,230,459
6694,230,424
6695,230,1075
6696,230,823
6697,230,423
6698,230,730
6699,230,1123
6700,230,1129
6701,231,449
6702,231,1127
6703,231,1075
6704,231,1127
6705,231,109
6706,231,448
6707,231,1126
6708,231,917
6709,231,50
6710,231,349
6711,231,441
6712,231,1133
6713,231,917
6714,231,1127
6715,231,1187
6716,231,819
6717,231,449
6718,231,1123
6719,231,1113
6720,231,1127
6721,231,1109
6722,231,404
6723,231,1133
6724,231,28
6725,231,506
6726,231,1126
6727,231,1117
6728,232,1126
6729,232,449
6730,232,426
6731,232,442
6732,232,1113
6733,232,546
6734,232,76
6735,232,645
6736,232,426
6737,232,1139
6738,232,1123
6739,232,1133
6740,232,1031
6741,232,423
6742,232,253
6743,232,1133
6744,232,76
6745,232,1139
6746,232,683
6747,232,404
6748,232,1177
6749,232,309
6750,232,1138
6751,232,1126
6752,232,43
6753,232,76
6754,232,65
6755,232,76
6756,233,760
6757,233,341
6758,233,546
6759,233,96
6760,233,341
6761,233,943
6762,233,309
6763,233,1123
6764,233,943
6765,233,65
6766,233,926
6767,233,1133
6768,233,120
6769,233,65
6770,233,1126
6771,233,548
6772,233,89
6773,233,760
6774,233,1126
6775,233,725
6776,233,295
6777,233,926
6778,233,645
6779,233,1126
6780,233,120
6781,234,1127
6782,234,353
6783,234,96
6784,234,1133
6785,234,1133
6786,234,1129
6787,234,1138
6788,234,546
6789,234,351
6790,234,65
6791,234,1023
6792,234,342
6793,234,1126
6794,234,131
6795,234,428
6796,234,343
6797,234,96
6798,234,516
6799,234,1123
6800,234,1128
6801,234,459
6802,234,859
6803,234,117
6804,234,3
6805,234,1128
6806,234,3
6807,234,65
6808,234,779
6809,234,253
6810,235,860
6811,235,1133
6812,235,1123
6813,235,419
6814,235,117
6815,235,859
6816,235,459
6817,235,351
6818,235,774
6819,235,649
6820,235,117
6821,235,165
6822,235,436
6823,235,88
6824,235,351
6825,235,1123
6826,235,342
6827,235,353
6828,235,782
6829,235,1122
6830,235,1123
6831,235,1133
6832,235,54
6833,235,1286
6834,235,399
6835,235,1157
6836,235,640
6837,235,342
6838,236,761
6839,236,459
6840,236,115
6841,236,1251
6842,236,1165
6843,236,824
6844,236,762
6845,236,1353
6846,236,1133
6847,236,608
6848,236,1083
6849,236,0
6850,236,978
6851,236,1123
6852,236,458
6853,236,351
6854,236,1133
6855,236,446
6856,236,333
6857,236,452
6858,236,42
6859,236,115
6860,236,980
6861,236,403
6862,237,856
6863,237,538
6864,237,42
6865,237,353
6866,237,608
6867,237,856
6868,237,1186
6869,237,351
6870,237,410
6871,237,342
6872,237,119
6873,237,695
6874,237,469
6875,237,446
6876,237,180
6877,237,856
6878,237,986
6879,237,403
6880,237,228
6881,237,119
6882,237,300
6883,237,987
6884,237,115
6885,237,698
6886,237,3
6887,238,119
6888,238,410
6889,238,119
6890,238,486
6891,238,0
6892,238,134
6893,238,1013
6894,238,698
6895,238,1046
6896,238,771
6897,238,726
6898,238,50
6899,238,631
6900,238,1013
6901,238,125
6902,238,0
6903,238,631
6904,239,728
6905,239,817
6906,239,434
6907,239,823
6908,239,556
6909,239,773
6910,239,342
6911,239,173
6912,239,119
6913,239,458
6914,239,728
6915,239,763
6916,239,773
6917,239,726
6918,239,979
6919,239,458
6920,239,920
6921,239,818
